Valor do BTC atual: 29378.14 | Horário da Captura: 2023-08-14 15:43:50 | Previsão: 29318.55
Valor do BTC atual: 29337.00 | Horário da Captura: 2023-08-14 15:49:56 | Previsão: 29318.55
Valor do BTC atual: 29312.10 | Horário da Captura: 2023-08-14 15:51:36 | Previsão: 29318.55
Valor do BTC atual: 29320.02 | Horário da Captura: 2023-08-14 15:53:41 | Previsão: 29318.55
Valor do BTC atual: 29315.15 | Horário da Captura: 2023-08-14 15:58:42 | Previsão: 29318.55
Valor do BTC atual: 29360.74 | Horário da Captura: 2023-08-14 16:54:16 | Previsão: 29319.71
Valor do BTC atual: 29143.29 | Horário da Captura: 2023-08-16 14:45:37 | Previsão: 29319.71
Valor do BTC atual: 29138.00 | Horário da Captura: 2023-08-16 14:50:38 | Previsão: 29197.74
Valor do BTC atual: 29153.81 | Horário da Captura: 2023-08-16 14:55:39 | Previsão: 29197.74
Valor do BTC atual: 29177.85 | Horário da Captura: 2023-08-16 15:00:39 | Previsão: 29197.74
Valor do BTC atual: 29159.99 | Horário da Captura: 2023-08-16 15:05:41 | Previsão: 29197.74
Valor do BTC atual: 29138.01 | Horário da Captura: 2023-08-16 15:10:42 | Previsão: 29197.74
Valor do BTC atual: 29130.00 | Horário da Captura: 2023-08-16 15:15:43 | Previsão: 29197.74
Valor do BTC atual: 29184.74 | Horário da Captura: 2023-08-16 15:20:44 | Previsão: 29197.74
Valor do BTC atual: 29206.43 | Horário da Captura: 2023-08-16 15:25:45 | Previsão: 29197.74
Valor do BTC atual: 29221.96 | Horário da Captura: 2023-08-16 15:30:46 | Previsão: 29197.74
Valor do BTC atual: 29214.01 | Horário da Captura: 2023-08-16 15:35:47 | Previsão: 29197.74
Valor do BTC atual: 29223.26 | Horário da Captura: 2023-08-16 15:40:48 | Previsão: 29197.74
Valor do BTC atual: 29167.62 | Horário da Captura: 2023-08-16 16:04:14 | Previsão: 29197.74
Valor do BTC atual: 29142.00 | Horário da Captura: 2023-08-16 16:04:14 | Previsão: 29197.74
Valor do BTC atual: 29140.74 | Horário da Captura: 2023-08-16 16:14:59 | Previsão: 29197.74
Valor do BTC atual: 29122.01 | Horário da Captura: 2023-08-16 16:20:05 | Previsão: 29197.74
Valor do BTC atual: 29112.69 | Horário da Captura: 2023-08-16 16:25:06 | Previsão: 29197.74
Valor do BTC atual: 29148.00 | Horário da Captura: 2023-08-16 16:30:08 | Previsão: 29197.74
Valor do BTC atual: 29134.01 | Horário da Captura: 2023-08-16 16:35:09 | Previsão: 29197.74
Valor do BTC atual: 29148.70 | Horário da Captura: 2023-08-16 16:40:11 | Previsão: 29197.74
Valor do BTC atual: 28932.01 | Horário da Captura: 2023-08-16 18:39:32 | Previsão: 29197.74
Valor do BTC atual: 28903.72 | Horário da Captura: 2023-08-16 18:44:40 | Previsão: 29197.74
Valor do BTC atual: 28933.17 | Horário da Captura: 2023-08-16 18:49:41 | Previsão: 29197.74
Valor do BTC atual: 28923.73 | Horário da Captura: 2023-08-16 18:50:40 | Previsão: 29197.74
Valor do BTC atual: 28929.66 | Horário da Captura: 2023-08-16 19:00:56 | Previsão: 29197.74
Valor do BTC atual: 28937.89 | Horário da Captura: 2023-08-16 19:45:56 | Previsão: 29197.74
Valor do BTC atual: 28751.03 | Horário da Captura: 2023-08-16 20:43:55 | Previsão: 29197.74
Valor do BTC atual: 28760.00 | Horário da Captura: 2023-08-16 20:50:15 | Previsão: 29182.85
Valor do BTC atual: 28731.94 | Horário da Captura: 2023-08-16 21:20:26 | Previsão: 29182.85
Valor do BTC atual: 28604.99 | Horário da Captura: 2023-08-16 22:33:00 | Previsão: 29182.85
Valor do BTC atual: 28585.44 | Horário da Captura: 2023-08-16 22:43:16 | Previsão: 29182.85
Valor do BTC atual: 28618.01 | Horário da Captura: 2023-08-16 23:01:00 | Previsão: 29182.85
Valor do BTC atual: 28616.00 | Horário da Captura: 2023-08-16 23:01:55 | Previsão: 29182.85
Valor do BTC atual: 28616.00 | Horário da Captura: 2023-08-16 23:02:53 | Previsão: 29182.85
Valor do BTC atual: 28598.74 | Horário da Captura: 2023-08-16 23:13:35 | Previsão: 29182.85
Valor do BTC atual: 28593.24 | Horário da Captura: 2023-08-16 23:15:59 | Previsão: 29182.85
Valor do BTC atual: 28594.00 | Horário da Captura: 2023-08-16 23:17:39 | Previsão: 29182.85
Valor do BTC atual: 28591.49 | Horário da Captura: 2023-08-16 23:38:45 | Previsão: 29182.85
Valor do BTC atual: 28600.37 | Horário da Captura: 2023-08-16 23:41:36 | Previsão: 29182.85
Valor do BTC atual: 28579.85 | Horário da Captura: 2023-08-16 23:45:48 | Previsão: 29182.85
Valor do BTC atual: 28583.59 | Horário da Captura: 2023-08-17 00:04:44 | Previsão: 28909.19
Valor do BTC atual: 28592.00 | Horário da Captura: 2023-08-17 00:10:22 | Previsão: 28909.19
Valor do BTC atual: 28648.00 | Horário da Captura: 2023-08-17 01:03:09 | Previsão: 28909.19
Valor do BTC atual: 28500.01 | Horário da Captura: 2023-08-17 10:31:31 | Previsão: 28909.19
Valor do BTC atual: 28422.01 | Horário da Captura: 2023-08-17 12:20:48 | Previsão: 28909.19
Valor do BTC atual: 28019.78 | Horário da Captura: 2023-08-17 12:50:54 | Previsão: 28909.19
Valor do BTC atual: 27789.99 | Horário da Captura: 2023-08-17 13:20:55 | Previsão: 28909.19
Valor do BTC atual: 28027.99 | Horário da Captura: 2023-08-17 13:37:25 | Previsão: 28909.19
Valor do BTC atual: 28027.99 | Horário da Captura: 2023-08-17 13:37:31 | Previsão: 28909.19
Valor do BTC atual: 28027.99 | Horário da Captura: 2023-08-17 13:37:31 | Previsão: 28909.19
Valor do BTC atual: 28026.94 | Horário da Captura: 2023-08-17 13:37:31 | Previsão: 28909.19
Valor do BTC atual: 28026.95 | Horário da Captura: 2023-08-17 13:37:32 | Previsão: 28909.19
Valor do BTC atual: 28026.94 | Horário da Captura: 2023-08-17 13:37:32 | Previsão: 28909.19
Valor do BTC atual: 28026.95 | Horário da Captura: 2023-08-17 13:37:33 | Previsão: 28909.19
Valor do BTC atual: 28026.94 | Horário da Captura: 2023-08-17 13:37:34 | Previsão: 28909.19
Valor do BTC atual: 28026.95 | Horário da Captura: 2023-08-17 13:37:34 | Previsão: 28909.19
Valor do BTC atual: 28026.53 | Horário da Captura: 2023-08-17 13:37:35 | Previsão: 28909.19
Valor do BTC atual: 28026.53 | Horário da Captura: 2023-08-17 13:37:36 | Previsão: 28909.19
Valor do BTC atual: 28029.99 | Horário da Captura: 2023-08-17 13:37:37 | Previsão: 28909.19
Valor do BTC atual: 28030.00 | Horário da Captura: 2023-08-17 13:37:37 | Previsão: 28909.19
Valor do BTC atual: 28030.00 | Horário da Captura: 2023-08-17 13:37:38 | Previsão: 28909.19
Valor do BTC atual: 28030.00 | Horário da Captura: 2023-08-17 13:37:38 | Previsão: 28909.19
Valor do BTC atual: 28029.99 | Horário da Captura: 2023-08-17 13:37:38 | Previsão: 28909.19
Valor do BTC atual: 28029.99 | Horário da Captura: 2023-08-17 13:37:39 | Previsão: 28909.19
Valor do BTC atual: 28029.99 | Horário da Captura: 2023-08-17 13:37:39 | Previsão: 28909.19
Valor do BTC atual: 28029.99 | Horário da Captura: 2023-08-17 13:37:39 | Previsão: 28909.19
Valor do BTC atual: 28029.99 | Horário da Captura: 2023-08-17 13:37:40 | Previsão: 28909.19
Valor do BTC atual: 28029.99 | Horário da Captura: 2023-08-17 13:37:40 | Previsão: 28909.19
Valor do BTC atual: 28030.00 | Horário da Captura: 2023-08-17 13:37:41 | Previsão: 28909.19
Valor do BTC atual: 28029.99 | Horário da Captura: 2023-08-17 13:37:42 | Previsão: 28909.19
Valor do BTC atual: 28029.99 | Horário da Captura: 2023-08-17 13:37:42 | Previsão: 28909.19
Valor do BTC atual: 28029.99 | Horário da Captura: 2023-08-17 13:37:42 | Previsão: 28909.19
Valor do BTC atual: 28029.99 | Horário da Captura: 2023-08-17 13:37:43 | Previsão: 28909.19
Valor do BTC atual: 28029.99 | Horário da Captura: 2023-08-17 13:37:43 | Previsão: 28909.19
Valor do BTC atual: 28029.99 | Horário da Captura: 2023-08-17 13:37:43 | Previsão: 28909.19
Valor do BTC atual: 28029.43 | Horário da Captura: 2023-08-17 13:37:44 | Previsão: 28909.19
Valor do BTC atual: 28029.44 | Horário da Captura: 2023-08-17 13:37:44 | Previsão: 28909.19
Valor do BTC atual: 28029.43 | Horário da Captura: 2023-08-17 13:37:45 | Previsão: 28909.19
Valor do BTC atual: 28029.43 | Horário da Captura: 2023-08-17 13:37:45 | Previsão: 28909.19
Valor do BTC atual: 28029.43 | Horário da Captura: 2023-08-17 13:37:46 | Previsão: 28909.19
Valor do BTC atual: 28029.43 | Horário da Captura: 2023-08-17 13:37:46 | Previsão: 28909.19
Valor do BTC atual: 28029.43 | Horário da Captura: 2023-08-17 13:37:46 | Previsão: 28909.19
Valor do BTC atual: 28029.44 | Horário da Captura: 2023-08-17 13:37:47 | Previsão: 28909.19
Valor do BTC atual: 28029.44 | Horário da Captura: 2023-08-17 13:37:47 | Previsão: 28909.19
Valor do BTC atual: 28029.43 | Horário da Captura: 2023-08-17 13:37:47 | Previsão: 28909.19
Valor do BTC atual: 28029.43 | Horário da Captura: 2023-08-17 13:37:48 | Previsão: 28909.19
Valor do BTC atual: 28029.44 | Horário da Captura: 2023-08-17 13:37:48 | Previsão: 28909.19
Valor do BTC atual: 28029.44 | Horário da Captura: 2023-08-17 13:37:49 | Previsão: 28909.19
Valor do BTC atual: 28029.43 | Horário da Captura: 2023-08-17 13:37:49 | Previsão: 28909.19
Valor do BTC atual: 28029.44 | Horário da Captura: 2023-08-17 13:37:49 | Previsão: 28909.19
Valor do BTC atual: 28029.43 | Horário da Captura: 2023-08-17 13:37:49 | Previsão: 28909.19
Valor do BTC atual: 28029.43 | Horário da Captura: 2023-08-17 13:37:50 | Previsão: 28909.19
Valor do BTC atual: 28029.44 | Horário da Captura: 2023-08-17 13:37:50 | Previsão: 28909.19
Valor do BTC atual: 28029.43 | Horário da Captura: 2023-08-17 13:37:50 | Previsão: 28909.19
Valor do BTC atual: 28029.43 | Horário da Captura: 2023-08-17 13:37:51 | Previsão: 28909.19
Valor do BTC atual: 28029.43 | Horário da Captura: 2023-08-17 13:37:51 | Previsão: 28909.19
Valor do BTC atual: 28029.43 | Horário da Captura: 2023-08-17 13:37:51 | Previsão: 28909.19
Valor do BTC atual: 28028.00 | Horário da Captura: 2023-08-17 13:37:52 | Previsão: 28909.19
Valor do BTC atual: 28028.00 | Horário da Captura: 2023-08-17 13:37:52 | Previsão: 28909.19
Valor do BTC atual: 28028.01 | Horário da Captura: 2023-08-17 13:37:52 | Previsão: 28909.19
Valor do BTC atual: 28028.01 | Horário da Captura: 2023-08-17 13:37:53 | Previsão: 28909.19
Valor do BTC atual: 28028.01 | Horário da Captura: 2023-08-17 13:37:53 | Previsão: 28909.19
Valor do BTC atual: 28028.00 | Horário da Captura: 2023-08-17 13:37:54 | Previsão: 28909.19
Valor do BTC atual: 28028.01 | Horário da Captura: 2023-08-17 13:37:54 | Previsão: 28909.19
Valor do BTC atual: 28028.01 | Horário da Captura: 2023-08-17 13:37:54 | Previsão: 28909.19
Valor do BTC atual: 28028.00 | Horário da Captura: 2023-08-17 13:37:55 | Previsão: 28909.19
Valor do BTC atual: 28028.01 | Horário da Captura: 2023-08-17 13:37:55 | Previsão: 28909.19
Valor do BTC atual: 28028.01 | Horário da Captura: 2023-08-17 13:37:55 | Previsão: 28909.19
Valor do BTC atual: 28028.01 | Horário da Captura: 2023-08-17 13:37:55 | Previsão: 28909.19
Valor do BTC atual: 28028.01 | Horário da Captura: 2023-08-17 13:37:56 | Previsão: 28909.19
Valor do BTC atual: 28028.01 | Horário da Captura: 2023-08-17 13:37:56 | Previsão: 28909.19
Valor do BTC atual: 28028.01 | Horário da Captura: 2023-08-17 13:37:56 | Previsão: 28909.19
Valor do BTC atual: 28028.01 | Horário da Captura: 2023-08-17 13:37:57 | Previsão: 28909.19
Valor do BTC atual: 28024.03 | Horário da Captura: 2023-08-17 13:37:58 | Previsão: 28909.19
Valor do BTC atual: 28024.04 | Horário da Captura: 2023-08-17 13:37:58 | Previsão: 28909.19
Valor do BTC atual: 28024.03 | Horário da Captura: 2023-08-17 13:37:58 | Previsão: 28909.19
Valor do BTC atual: 28024.03 | Horário da Captura: 2023-08-17 13:37:59 | Previsão: 28909.19
Valor do BTC atual: 28024.03 | Horário da Captura: 2023-08-17 13:37:59 | Previsão: 28909.19
Valor do BTC atual: 28024.00 | Horário da Captura: 2023-08-17 13:37:59 | Previsão: 28909.19
Valor do BTC atual: 28024.00 | Horário da Captura: 2023-08-17 13:38:00 | Previsão: 28909.19
Valor do BTC atual: 28024.01 | Horário da Captura: 2023-08-17 13:38:00 | Previsão: 28909.19
Valor do BTC atual: 28024.00 | Horário da Captura: 2023-08-17 13:38:00 | Previsão: 28909.19
Valor do BTC atual: 28024.00 | Horário da Captura: 2023-08-17 13:38:01 | Previsão: 28909.19
Valor do BTC atual: 28024.01 | Horário da Captura: 2023-08-17 13:38:01 | Previsão: 28909.19
Valor do BTC atual: 28024.01 | Horário da Captura: 2023-08-17 13:38:01 | Previsão: 28909.19
Valor do BTC atual: 28024.01 | Horário da Captura: 2023-08-17 13:38:02 | Previsão: 28909.19
Valor do BTC atual: 28024.00 | Horário da Captura: 2023-08-17 13:38:02 | Previsão: 28909.19
Valor do BTC atual: 28024.00 | Horário da Captura: 2023-08-17 13:38:02 | Previsão: 28909.19
Valor do BTC atual: 28024.01 | Horário da Captura: 2023-08-17 13:38:03 | Previsão: 28909.19
Valor do BTC atual: 28024.00 | Horário da Captura: 2023-08-17 13:38:03 | Previsão: 28909.19
Valor do BTC atual: 28024.00 | Horário da Captura: 2023-08-17 13:38:03 | Previsão: 28909.19
Valor do BTC atual: 28024.00 | Horário da Captura: 2023-08-17 13:38:04 | Previsão: 28909.19
Valor do BTC atual: 28024.00 | Horário da Captura: 2023-08-17 13:38:04 | Previsão: 28909.19
Valor do BTC atual: 28024.00 | Horário da Captura: 2023-08-17 13:38:04 | Previsão: 28909.19
Valor do BTC atual: 28024.00 | Horário da Captura: 2023-08-17 13:38:05 | Previsão: 28909.19
Valor do BTC atual: 28024.01 | Horário da Captura: 2023-08-17 13:38:05 | Previsão: 28909.19
Valor do BTC atual: 28024.00 | Horário da Captura: 2023-08-17 13:38:05 | Previsão: 28909.19
Valor do BTC atual: 28024.01 | Horário da Captura: 2023-08-17 13:38:06 | Previsão: 28909.19
Valor do BTC atual: 28024.00 | Horário da Captura: 2023-08-17 13:38:06 | Previsão: 28909.19
Valor do BTC atual: 28026.54 | Horário da Captura: 2023-08-17 13:38:06 | Previsão: 28909.19
Valor do BTC atual: 28031.78 | Horário da Captura: 2023-08-17 13:38:07 | Previsão: 28909.19
Valor do BTC atual: 28031.79 | Horário da Captura: 2023-08-17 13:38:07 | Previsão: 28909.19
Valor do BTC atual: 28031.78 | Horário da Captura: 2023-08-17 13:38:07 | Previsão: 28909.19
Valor do BTC atual: 28031.79 | Horário da Captura: 2023-08-17 13:38:08 | Previsão: 28909.19
Valor do BTC atual: 28031.79 | Horário da Captura: 2023-08-17 13:38:08 | Previsão: 28909.19
Valor do BTC atual: 28031.79 | Horário da Captura: 2023-08-17 13:38:09 | Previsão: 28909.19
Valor do BTC atual: 28031.78 | Horário da Captura: 2023-08-17 13:38:09 | Previsão: 28909.19
Valor do BTC atual: 28031.79 | Horário da Captura: 2023-08-17 13:38:09 | Previsão: 28909.19
Valor do BTC atual: 28031.78 | Horário da Captura: 2023-08-17 13:38:10 | Previsão: 28909.19
Valor do BTC atual: 28030.02 | Horário da Captura: 2023-08-17 13:38:10 | Previsão: 28909.19
Valor do BTC atual: 28027.89 | Horário da Captura: 2023-08-17 13:38:10 | Previsão: 28909.19
Valor do BTC atual: 28026.01 | Horário da Captura: 2023-08-17 13:38:11 | Previsão: 28909.19
Valor do BTC atual: 28026.01 | Horário da Captura: 2023-08-17 13:38:11 | Previsão: 28909.19
Valor do BTC atual: 28026.01 | Horário da Captura: 2023-08-17 13:38:11 | Previsão: 28909.19
Valor do BTC atual: 28026.01 | Horário da Captura: 2023-08-17 13:38:12 | Previsão: 28909.19
Valor do BTC atual: 28026.00 | Horário da Captura: 2023-08-17 13:38:12 | Previsão: 28909.19
Valor do BTC atual: 28026.00 | Horário da Captura: 2023-08-17 13:38:13 | Previsão: 28909.19
Valor do BTC atual: 28026.00 | Horário da Captura: 2023-08-17 13:38:13 | Previsão: 28909.19
Valor do BTC atual: 28026.01 | Horário da Captura: 2023-08-17 13:38:13 | Previsão: 28909.19
Valor do BTC atual: 28028.00 | Horário da Captura: 2023-08-17 13:38:14 | Previsão: 28909.19
Valor do BTC atual: 28029.12 | Horário da Captura: 2023-08-17 13:38:14 | Previsão: 28909.19
Valor do BTC atual: 28029.11 | Horário da Captura: 2023-08-17 13:38:14 | Previsão: 28909.19
Valor do BTC atual: 28029.11 | Horário da Captura: 2023-08-17 13:38:15 | Previsão: 28909.19
Valor do BTC atual: 28029.12 | Horário da Captura: 2023-08-17 13:38:15 | Previsão: 28909.19
Valor do BTC atual: 28029.11 | Horário da Captura: 2023-08-17 13:38:15 | Previsão: 28909.19
Valor do BTC atual: 28028.83 | Horário da Captura: 2023-08-17 13:38:16 | Previsão: 28909.19
Valor do BTC atual: 28028.83 | Horário da Captura: 2023-08-17 13:38:16 | Previsão: 28909.19
Valor do BTC atual: 28028.83 | Horário da Captura: 2023-08-17 13:38:16 | Previsão: 28909.19
Valor do BTC atual: 28028.83 | Horário da Captura: 2023-08-17 13:38:17 | Previsão: 28909.19
Valor do BTC atual: 28028.84 | Horário da Captura: 2023-08-17 13:38:17 | Previsão: 28909.19
Valor do BTC atual: 28028.83 | Horário da Captura: 2023-08-17 13:38:17 | Previsão: 28909.19
Valor do BTC atual: 28028.84 | Horário da Captura: 2023-08-17 13:38:18 | Previsão: 28909.19
Valor do BTC atual: 28028.84 | Horário da Captura: 2023-08-17 13:38:18 | Previsão: 28909.19
Valor do BTC atual: 28029.00 | Horário da Captura: 2023-08-17 13:38:18 | Previsão: 28909.19
Valor do BTC atual: 28029.89 | Horário da Captura: 2023-08-17 13:38:19 | Previsão: 28909.19
Valor do BTC atual: 28029.89 | Horário da Captura: 2023-08-17 13:38:20 | Previsão: 28909.19
Valor do BTC atual: 28029.89 | Horário da Captura: 2023-08-17 13:38:20 | Previsão: 28909.19
Valor do BTC atual: 28029.89 | Horário da Captura: 2023-08-17 13:38:20 | Previsão: 28909.19
Valor do BTC atual: 28029.90 | Horário da Captura: 2023-08-17 13:38:21 | Previsão: 28909.19
Valor do BTC atual: 28029.90 | Horário da Captura: 2023-08-17 13:38:22 | Previsão: 28909.19
Valor do BTC atual: 28029.90 | Horário da Captura: 2023-08-17 13:38:22 | Previsão: 28909.19
Valor do BTC atual: 28029.89 | Horário da Captura: 2023-08-17 13:38:23 | Previsão: 28909.19
Valor do BTC atual: 28029.89 | Horário da Captura: 2023-08-17 13:38:23 | Previsão: 28909.19
Valor do BTC atual: 28029.89 | Horário da Captura: 2023-08-17 13:38:24 | Previsão: 28909.19
Valor do BTC atual: 28029.89 | Horário da Captura: 2023-08-17 13:38:24 | Previsão: 28909.19
Valor do BTC atual: 28029.89 | Horário da Captura: 2023-08-17 13:38:25 | Previsão: 28909.19
Valor do BTC atual: 28029.89 | Horário da Captura: 2023-08-17 13:38:25 | Previsão: 28909.19
Valor do BTC atual: 28029.89 | Horário da Captura: 2023-08-17 13:38:25 | Previsão: 28909.19
Valor do BTC atual: 28029.90 | Horário da Captura: 2023-08-17 13:38:26 | Previsão: 28909.19
Valor do BTC atual: 28029.90 | Horário da Captura: 2023-08-17 13:38:27 | Previsão: 28909.19
Valor do BTC atual: 28029.89 | Horário da Captura: 2023-08-17 13:38:27 | Previsão: 28909.19
Valor do BTC atual: 28029.89 | Horário da Captura: 2023-08-17 13:38:27 | Previsão: 28909.19
Valor do BTC atual: 28029.89 | Horário da Captura: 2023-08-17 13:38:28 | Previsão: 28909.19
Valor do BTC atual: 28029.89 | Horário da Captura: 2023-08-17 13:38:28 | Previsão: 28909.19
Valor do BTC atual: 28025.34 | Horário da Captura: 2023-08-17 13:38:29 | Previsão: 28909.19
Valor do BTC atual: 28025.33 | Horário da Captura: 2023-08-17 13:38:29 | Previsão: 28909.19
Valor do BTC atual: 28025.00 | Horário da Captura: 2023-08-17 13:38:29 | Previsão: 28909.19
Valor do BTC atual: 28025.01 | Horário da Captura: 2023-08-17 13:38:30 | Previsão: 28909.19
Valor do BTC atual: 28025.01 | Horário da Captura: 2023-08-17 13:38:30 | Previsão: 28909.19
Valor do BTC atual: 28025.00 | Horário da Captura: 2023-08-17 13:38:31 | Previsão: 28909.19
Valor do BTC atual: 28021.59 | Horário da Captura: 2023-08-17 13:38:31 | Previsão: 28909.19
Valor do BTC atual: 28021.60 | Horário da Captura: 2023-08-17 13:38:32 | Previsão: 28909.19
Valor do BTC atual: 28021.59 | Horário da Captura: 2023-08-17 13:38:32 | Previsão: 28909.19
Valor do BTC atual: 28021.60 | Horário da Captura: 2023-08-17 13:38:32 | Previsão: 28909.19
Valor do BTC atual: 28021.60 | Horário da Captura: 2023-08-17 13:38:33 | Previsão: 28909.19
Valor do BTC atual: 28021.59 | Horário da Captura: 2023-08-17 13:38:33 | Previsão: 28909.19
Valor do BTC atual: 28021.60 | Horário da Captura: 2023-08-17 13:38:33 | Previsão: 28909.19
Valor do BTC atual: 28021.60 | Horário da Captura: 2023-08-17 13:38:34 | Previsão: 28909.19
Valor do BTC atual: 28021.59 | Horário da Captura: 2023-08-17 13:38:34 | Previsão: 28909.19
Valor do BTC atual: 28021.59 | Horário da Captura: 2023-08-17 13:38:34 | Previsão: 28909.19
Valor do BTC atual: 28021.60 | Horário da Captura: 2023-08-17 13:38:35 | Previsão: 28909.19
Valor do BTC atual: 28021.60 | Horário da Captura: 2023-08-17 13:38:35 | Previsão: 28909.19
Valor do BTC atual: 28021.59 | Horário da Captura: 2023-08-17 13:38:35 | Previsão: 28909.19
Valor do BTC atual: 28021.60 | Horário da Captura: 2023-08-17 13:38:36 | Previsão: 28909.19
Valor do BTC atual: 28021.60 | Horário da Captura: 2023-08-17 13:38:36 | Previsão: 28909.19
Valor do BTC atual: 28021.59 | Horário da Captura: 2023-08-17 13:38:36 | Previsão: 28909.19
Valor do BTC atual: 28021.59 | Horário da Captura: 2023-08-17 13:38:37 | Previsão: 28909.19
Valor do BTC atual: 28023.95 | Horário da Captura: 2023-08-17 13:38:37 | Previsão: 28909.19
Valor do BTC atual: 28023.99 | Horário da Captura: 2023-08-17 13:38:37 | Previsão: 28909.19
Valor do BTC atual: 28024.00 | Horário da Captura: 2023-08-17 13:38:38 | Previsão: 28909.19
Valor do BTC atual: 28023.99 | Horário da Captura: 2023-08-17 13:38:38 | Previsão: 28909.19
Valor do BTC atual: 28023.99 | Horário da Captura: 2023-08-17 13:38:38 | Previsão: 28909.19
Valor do BTC atual: 28024.00 | Horário da Captura: 2023-08-17 13:38:39 | Previsão: 28909.19
Valor do BTC atual: 28023.99 | Horário da Captura: 2023-08-17 13:38:39 | Previsão: 28909.19
Valor do BTC atual: 28023.99 | Horário da Captura: 2023-08-17 13:38:39 | Previsão: 28909.19
Valor do BTC atual: 28023.95 | Horário da Captura: 2023-08-17 13:38:40 | Previsão: 28909.19
Valor do BTC atual: 28023.95 | Horário da Captura: 2023-08-17 13:38:40 | Previsão: 28909.19
Valor do BTC atual: 28023.95 | Horário da Captura: 2023-08-17 13:38:40 | Previsão: 28909.19
Valor do BTC atual: 28023.95 | Horário da Captura: 2023-08-17 13:38:41 | Previsão: 28909.19
Valor do BTC atual: 28023.96 | Horário da Captura: 2023-08-17 13:38:41 | Previsão: 28909.19
Valor do BTC atual: 28023.96 | Horário da Captura: 2023-08-17 13:38:41 | Previsão: 28909.19
Valor do BTC atual: 28023.95 | Horário da Captura: 2023-08-17 13:38:42 | Previsão: 28909.19
Valor do BTC atual: 28023.96 | Horário da Captura: 2023-08-17 13:38:42 | Previsão: 28909.19
Valor do BTC atual: 28023.96 | Horário da Captura: 2023-08-17 13:38:43 | Previsão: 28909.19
Valor do BTC atual: 28023.96 | Horário da Captura: 2023-08-17 13:38:43 | Previsão: 28909.19
Valor do BTC atual: 28023.96 | Horário da Captura: 2023-08-17 13:38:44 | Previsão: 28909.19
Valor do BTC atual: 28023.96 | Horário da Captura: 2023-08-17 13:38:44 | Previsão: 28909.19
Valor do BTC atual: 28030.38 | Horário da Captura: 2023-08-17 13:38:45 | Previsão: 28909.19
Valor do BTC atual: 28030.39 | Horário da Captura: 2023-08-17 13:38:45 | Previsão: 28909.19
Valor do BTC atual: 28030.38 | Horário da Captura: 2023-08-17 13:38:45 | Previsão: 28909.19
Valor do BTC atual: 28030.38 | Horário da Captura: 2023-08-17 13:38:46 | Previsão: 28909.19
Valor do BTC atual: 28030.39 | Horário da Captura: 2023-08-17 13:38:46 | Previsão: 28909.19
Valor do BTC atual: 28030.39 | Horário da Captura: 2023-08-17 13:38:46 | Previsão: 28909.19
Valor do BTC atual: 28028.15 | Horário da Captura: 2023-08-17 13:38:47 | Previsão: 28909.19
Valor do BTC atual: 28027.32 | Horário da Captura: 2023-08-17 13:38:47 | Previsão: 28909.19
Valor do BTC atual: 28027.32 | Horário da Captura: 2023-08-17 13:38:47 | Previsão: 28909.19
Valor do BTC atual: 28027.31 | Horário da Captura: 2023-08-17 13:38:48 | Previsão: 28909.19
Valor do BTC atual: 28027.31 | Horário da Captura: 2023-08-17 13:38:48 | Previsão: 28909.19
Valor do BTC atual: 28027.31 | Horário da Captura: 2023-08-17 13:38:48 | Previsão: 28909.19
Valor do BTC atual: 28027.32 | Horário da Captura: 2023-08-17 13:38:49 | Previsão: 28909.19
Valor do BTC atual: 28027.32 | Horário da Captura: 2023-08-17 13:38:49 | Previsão: 28909.19
Valor do BTC atual: 28027.32 | Horário da Captura: 2023-08-17 13:38:49 | Previsão: 28909.19
Valor do BTC atual: 28027.32 | Horário da Captura: 2023-08-17 13:38:50 | Previsão: 28909.19
Valor do BTC atual: 28026.76 | Horário da Captura: 2023-08-17 13:38:50 | Previsão: 28909.19
Valor do BTC atual: 28026.76 | Horário da Captura: 2023-08-17 13:38:50 | Previsão: 28909.19
Valor do BTC atual: 28026.75 | Horário da Captura: 2023-08-17 13:38:51 | Previsão: 28909.19
Valor do BTC atual: 28026.75 | Horário da Captura: 2023-08-17 13:38:51 | Previsão: 28909.19
Valor do BTC atual: 28026.76 | Horário da Captura: 2023-08-17 13:38:51 | Previsão: 28909.19
Valor do BTC atual: 28026.75 | Horário da Captura: 2023-08-17 13:38:52 | Previsão: 28909.19
Valor do BTC atual: 28026.76 | Horário da Captura: 2023-08-17 13:38:52 | Previsão: 28909.19
Valor do BTC atual: 28026.75 | Horário da Captura: 2023-08-17 13:38:52 | Previsão: 28909.19
Valor do BTC atual: 28026.75 | Horário da Captura: 2023-08-17 13:38:53 | Previsão: 28909.19
Valor do BTC atual: 28026.75 | Horário da Captura: 2023-08-17 13:38:53 | Previsão: 28909.19
Valor do BTC atual: 28026.75 | Horário da Captura: 2023-08-17 13:38:53 | Previsão: 28909.19
Valor do BTC atual: 28023.11 | Horário da Captura: 2023-08-17 13:38:54 | Previsão: 28909.19
Valor do BTC atual: 28023.11 | Horário da Captura: 2023-08-17 13:38:55 | Previsão: 28909.19
Valor do BTC atual: 28023.11 | Horário da Captura: 2023-08-17 13:38:55 | Previsão: 28909.19
Valor do BTC atual: 28023.12 | Horário da Captura: 2023-08-17 13:38:56 | Previsão: 28909.19
Valor do BTC atual: 28023.11 | Horário da Captura: 2023-08-17 13:38:56 | Previsão: 28909.19
Valor do BTC atual: 28023.11 | Horário da Captura: 2023-08-17 13:38:56 | Previsão: 28909.19
Valor do BTC atual: 28023.11 | Horário da Captura: 2023-08-17 13:38:57 | Previsão: 28909.19
Valor do BTC atual: 28022.50 | Horário da Captura: 2023-08-17 13:38:57 | Previsão: 28909.19
Valor do BTC atual: 28022.50 | Horário da Captura: 2023-08-17 13:38:57 | Previsão: 28909.19
Valor do BTC atual: 28022.51 | Horário da Captura: 2023-08-17 13:38:58 | Previsão: 28909.19
Valor do BTC atual: 28022.51 | Horário da Captura: 2023-08-17 13:38:58 | Previsão: 28909.19
Valor do BTC atual: 28022.50 | Horário da Captura: 2023-08-17 13:38:58 | Previsão: 28909.19
Valor do BTC atual: 28022.50 | Horário da Captura: 2023-08-17 13:38:59 | Previsão: 28909.19
Valor do BTC atual: 28022.50 | Horário da Captura: 2023-08-17 13:38:59 | Previsão: 28909.19
Valor do BTC atual: 28022.50 | Horário da Captura: 2023-08-17 13:38:59 | Previsão: 28909.19
Valor do BTC atual: 28022.51 | Horário da Captura: 2023-08-17 13:39:00 | Previsão: 28909.19
Valor do BTC atual: 28022.51 | Horário da Captura: 2023-08-17 13:39:00 | Previsão: 28909.19
Valor do BTC atual: 28022.50 | Horário da Captura: 2023-08-17 13:39:00 | Previsão: 28909.19
Valor do BTC atual: 28022.50 | Horário da Captura: 2023-08-17 13:39:01 | Previsão: 28909.19
Valor do BTC atual: 28022.50 | Horário da Captura: 2023-08-17 13:39:01 | Previsão: 28909.19
Valor do BTC atual: 28022.51 | Horário da Captura: 2023-08-17 13:39:01 | Previsão: 28909.19
Valor do BTC atual: 28022.51 | Horário da Captura: 2023-08-17 13:39:02 | Previsão: 28909.19
Valor do BTC atual: 28022.51 | Horário da Captura: 2023-08-17 13:39:02 | Previsão: 28909.19
Valor do BTC atual: 28022.51 | Horário da Captura: 2023-08-17 13:39:02 | Previsão: 28909.19
Valor do BTC atual: 28022.51 | Horário da Captura: 2023-08-17 13:39:03 | Previsão: 28909.19
Valor do BTC atual: 28022.51 | Horário da Captura: 2023-08-17 13:39:04 | Previsão: 28909.19
Valor do BTC atual: 28022.51 | Horário da Captura: 2023-08-17 13:39:04 | Previsão: 28909.19
Valor do BTC atual: 28023.06 | Horário da Captura: 2023-08-17 13:39:04 | Previsão: 28909.19
Valor do BTC atual: 28023.05 | Horário da Captura: 2023-08-17 13:39:05 | Previsão: 28909.19
Valor do BTC atual: 28023.05 | Horário da Captura: 2023-08-17 13:39:05 | Previsão: 28909.19
Valor do BTC atual: 28023.05 | Horário da Captura: 2023-08-17 13:39:05 | Previsão: 28909.19
Valor do BTC atual: 28023.05 | Horário da Captura: 2023-08-17 13:39:06 | Previsão: 28909.19
Valor do BTC atual: 28023.05 | Horário da Captura: 2023-08-17 13:39:06 | Previsão: 28909.19
Valor do BTC atual: 28023.05 | Horário da Captura: 2023-08-17 13:39:07 | Previsão: 28909.19
Valor do BTC atual: 28029.67 | Horário da Captura: 2023-08-17 13:39:07 | Previsão: 28909.19
Valor do BTC atual: 28032.10 | Horário da Captura: 2023-08-17 13:39:07 | Previsão: 28909.19
Valor do BTC atual: 28034.00 | Horário da Captura: 2023-08-17 13:39:08 | Previsão: 28909.19
Valor do BTC atual: 28034.00 | Horário da Captura: 2023-08-17 13:39:08 | Previsão: 28909.19
Valor do BTC atual: 28034.00 | Horário da Captura: 2023-08-17 13:39:08 | Previsão: 28909.19
Valor do BTC atual: 28033.99 | Horário da Captura: 2023-08-17 13:39:09 | Previsão: 28909.19
Valor do BTC atual: 28034.00 | Horário da Captura: 2023-08-17 13:39:09 | Previsão: 28909.19
Valor do BTC atual: 28033.99 | Horário da Captura: 2023-08-17 13:39:09 | Previsão: 28909.19
Valor do BTC atual: 28034.00 | Horário da Captura: 2023-08-17 13:39:10 | Previsão: 28909.19
Valor do BTC atual: 28033.99 | Horário da Captura: 2023-08-17 13:39:10 | Previsão: 28909.19
Valor do BTC atual: 28033.99 | Horário da Captura: 2023-08-17 13:39:10 | Previsão: 28909.19
Valor do BTC atual: 28033.99 | Horário da Captura: 2023-08-17 13:39:11 | Previsão: 28909.19
Valor do BTC atual: 28030.68 | Horário da Captura: 2023-08-17 13:39:11 | Previsão: 28909.19
Valor do BTC atual: 28030.68 | Horário da Captura: 2023-08-17 13:39:11 | Previsão: 28909.19
Valor do BTC atual: 28030.68 | Horário da Captura: 2023-08-17 13:39:12 | Previsão: 28909.19
Valor do BTC atual: 28030.68 | Horário da Captura: 2023-08-17 13:39:12 | Previsão: 28909.19
Valor do BTC atual: 28030.68 | Horário da Captura: 2023-08-17 13:39:12 | Previsão: 28909.19
Valor do BTC atual: 28030.68 | Horário da Captura: 2023-08-17 13:39:13 | Previsão: 28909.19
Valor do BTC atual: 28030.68 | Horário da Captura: 2023-08-17 13:39:13 | Previsão: 28909.19
Valor do BTC atual: 28028.15 | Horário da Captura: 2023-08-17 13:39:13 | Previsão: 28909.19
Valor do BTC atual: 28024.22 | Horário da Captura: 2023-08-17 13:39:14 | Previsão: 28909.19
Valor do BTC atual: 28024.22 | Horário da Captura: 2023-08-17 13:39:14 | Previsão: 28909.19
Valor do BTC atual: 28024.23 | Horário da Captura: 2023-08-17 13:39:14 | Previsão: 28909.19
Valor do BTC atual: 28024.23 | Horário da Captura: 2023-08-17 13:39:15 | Previsão: 28909.19
Valor do BTC atual: 28024.22 | Horário da Captura: 2023-08-17 13:39:15 | Previsão: 28909.19
Valor do BTC atual: 28024.23 | Horário da Captura: 2023-08-17 13:39:15 | Previsão: 28909.19
Valor do BTC atual: 28024.23 | Horário da Captura: 2023-08-17 13:39:16 | Previsão: 28909.19
Valor do BTC atual: 28024.23 | Horário da Captura: 2023-08-17 13:39:16 | Previsão: 28909.19
Valor do BTC atual: 28024.22 | Horário da Captura: 2023-08-17 13:39:16 | Previsão: 28909.19
Valor do BTC atual: 28024.22 | Horário da Captura: 2023-08-17 13:39:17 | Previsão: 28909.19
Valor do BTC atual: 28024.23 | Horário da Captura: 2023-08-17 13:39:18 | Previsão: 28909.19
Valor do BTC atual: 28024.23 | Horário da Captura: 2023-08-17 13:39:18 | Previsão: 28909.19
Valor do BTC atual: 28024.22 | Horário da Captura: 2023-08-17 13:39:18 | Previsão: 28909.19
Valor do BTC atual: 28024.23 | Horário da Captura: 2023-08-17 13:39:19 | Previsão: 28909.19
Valor do BTC atual: 28021.91 | Horário da Captura: 2023-08-17 13:39:19 | Previsão: 28909.19
Valor do BTC atual: 28021.91 | Horário da Captura: 2023-08-17 13:39:19 | Previsão: 28909.19
Valor do BTC atual: 28021.91 | Horário da Captura: 2023-08-17 13:39:20 | Previsão: 28909.19
Valor do BTC atual: 28021.92 | Horário da Captura: 2023-08-17 13:39:20 | Previsão: 28909.19
Valor do BTC atual: 28021.92 | Horário da Captura: 2023-08-17 13:39:20 | Previsão: 28909.19
Valor do BTC atual: 28021.92 | Horário da Captura: 2023-08-17 13:39:21 | Previsão: 28909.19
Valor do BTC atual: 28021.92 | Horário da Captura: 2023-08-17 13:39:21 | Previsão: 28909.19
Valor do BTC atual: 28022.00 | Horário da Captura: 2023-08-17 13:39:21 | Previsão: 28909.19
Valor do BTC atual: 28023.74 | Horário da Captura: 2023-08-17 13:39:22 | Previsão: 28909.19
Valor do BTC atual: 28023.73 | Horário da Captura: 2023-08-17 13:39:23 | Previsão: 28909.19
Valor do BTC atual: 28023.74 | Horário da Captura: 2023-08-17 13:39:23 | Previsão: 28909.19
Valor do BTC atual: 28023.74 | Horário da Captura: 2023-08-17 13:39:23 | Previsão: 28909.19
Valor do BTC atual: 28023.74 | Horário da Captura: 2023-08-17 13:39:24 | Previsão: 28909.19
Valor do BTC atual: 28027.83 | Horário da Captura: 2023-08-17 13:39:24 | Previsão: 28909.19
Valor do BTC atual: 28027.82 | Horário da Captura: 2023-08-17 13:39:25 | Previsão: 28909.19
Valor do BTC atual: 28027.83 | Horário da Captura: 2023-08-17 13:39:26 | Previsão: 28909.19
Valor do BTC atual: 28027.82 | Horário da Captura: 2023-08-17 13:39:26 | Previsão: 28909.19
Valor do BTC atual: 28027.82 | Horário da Captura: 2023-08-17 13:39:27 | Previsão: 28909.19
Valor do BTC atual: 28027.83 | Horário da Captura: 2023-08-17 13:39:27 | Previsão: 28909.19
Valor do BTC atual: 28027.83 | Horário da Captura: 2023-08-17 13:39:27 | Previsão: 28909.19
Valor do BTC atual: 28027.83 | Horário da Captura: 2023-08-17 13:39:28 | Previsão: 28909.19
Valor do BTC atual: 28027.82 | Horário da Captura: 2023-08-17 13:39:28 | Previsão: 28909.19
Valor do BTC atual: 28027.83 | Horário da Captura: 2023-08-17 13:39:29 | Previsão: 28909.19
Valor do BTC atual: 28027.82 | Horário da Captura: 2023-08-17 13:39:29 | Previsão: 28909.19
Valor do BTC atual: 28027.82 | Horário da Captura: 2023-08-17 13:39:29 | Previsão: 28909.19
Valor do BTC atual: 28027.83 | Horário da Captura: 2023-08-17 13:39:30 | Previsão: 28909.19
Valor do BTC atual: 28027.82 | Horário da Captura: 2023-08-17 13:39:30 | Previsão: 28909.19
Valor do BTC atual: 28027.82 | Horário da Captura: 2023-08-17 13:39:31 | Previsão: 28909.19
Valor do BTC atual: 28027.83 | Horário da Captura: 2023-08-17 13:39:31 | Previsão: 28909.19
Valor do BTC atual: 28027.83 | Horário da Captura: 2023-08-17 13:39:31 | Previsão: 28909.19
Valor do BTC atual: 28028.00 | Horário da Captura: 2023-08-17 13:39:32 | Previsão: 28909.19
Valor do BTC atual: 28028.00 | Horário da Captura: 2023-08-17 13:39:32 | Previsão: 28909.19
Valor do BTC atual: 28028.00 | Horário da Captura: 2023-08-17 13:39:32 | Previsão: 28909.19
Valor do BTC atual: 28027.99 | Horário da Captura: 2023-08-17 13:39:33 | Previsão: 28909.19
Valor do BTC atual: 28027.99 | Horário da Captura: 2023-08-17 13:39:33 | Previsão: 28909.19
Valor do BTC atual: 28028.00 | Horário da Captura: 2023-08-17 13:39:33 | Previsão: 28909.19
Valor do BTC atual: 28028.85 | Horário da Captura: 2023-08-17 13:39:34 | Previsão: 28909.19
Valor do BTC atual: 28029.90 | Horário da Captura: 2023-08-17 13:39:34 | Previsão: 28909.19
Valor do BTC atual: 28029.99 | Horário da Captura: 2023-08-17 13:39:34 | Previsão: 28909.19
Valor do BTC atual: 28031.72 | Horário da Captura: 2023-08-17 13:39:35 | Previsão: 28909.19
Valor do BTC atual: 28031.99 | Horário da Captura: 2023-08-17 13:39:35 | Previsão: 28909.19
Valor do BTC atual: 28032.35 | Horário da Captura: 2023-08-17 13:39:35 | Previsão: 28909.19
Valor do BTC atual: 28034.27 | Horário da Captura: 2023-08-17 13:39:36 | Previsão: 28909.19
Valor do BTC atual: 28034.27 | Horário da Captura: 2023-08-17 13:39:36 | Previsão: 28909.19
Valor do BTC atual: 28034.28 | Horário da Captura: 2023-08-17 13:39:36 | Previsão: 28909.19
Valor do BTC atual: 28034.99 | Horário da Captura: 2023-08-17 13:39:37 | Previsão: 28909.19
Valor do BTC atual: 28034.99 | Horário da Captura: 2023-08-17 13:39:37 | Previsão: 28909.19
Valor do BTC atual: 28034.99 | Horário da Captura: 2023-08-17 13:39:38 | Previsão: 28909.19
Valor do BTC atual: 28034.99 | Horário da Captura: 2023-08-17 13:39:38 | Previsão: 28909.19
Valor do BTC atual: 28035.00 | Horário da Captura: 2023-08-17 13:39:38 | Previsão: 28909.19
Valor do BTC atual: 28035.00 | Horário da Captura: 2023-08-17 13:39:39 | Previsão: 28909.19
Valor do BTC atual: 28034.99 | Horário da Captura: 2023-08-17 13:39:39 | Previsão: 28909.19
Valor do BTC atual: 28034.99 | Horário da Captura: 2023-08-17 13:39:39 | Previsão: 28909.19
Valor do BTC atual: 28035.00 | Horário da Captura: 2023-08-17 13:39:40 | Previsão: 28909.19
Valor do BTC atual: 28037.98 | Horário da Captura: 2023-08-17 13:39:40 | Previsão: 28909.19
Valor do BTC atual: 28039.98 | Horário da Captura: 2023-08-17 13:39:41 | Previsão: 28909.19
Valor do BTC atual: 28040.00 | Horário da Captura: 2023-08-17 13:39:41 | Previsão: 28909.19
Valor do BTC atual: 28043.54 | Horário da Captura: 2023-08-17 13:39:42 | Previsão: 28909.19
Valor do BTC atual: 28043.99 | Horário da Captura: 2023-08-17 13:39:42 | Previsão: 28909.19
Valor do BTC atual: 28044.00 | Horário da Captura: 2023-08-17 13:39:42 | Previsão: 28909.19
Valor do BTC atual: 28044.00 | Horário da Captura: 2023-08-17 13:39:43 | Previsão: 28909.19
Valor do BTC atual: 28043.99 | Horário da Captura: 2023-08-17 13:39:43 | Previsão: 28909.19
Valor do BTC atual: 28043.99 | Horário da Captura: 2023-08-17 13:39:43 | Previsão: 28909.19
Valor do BTC atual: 28043.99 | Horário da Captura: 2023-08-17 13:39:44 | Previsão: 28909.19
Valor do BTC atual: 28043.99 | Horário da Captura: 2023-08-17 13:39:44 | Previsão: 28909.19
Valor do BTC atual: 28043.99 | Horário da Captura: 2023-08-17 13:39:44 | Previsão: 28909.19
Valor do BTC atual: 28044.00 | Horário da Captura: 2023-08-17 13:39:45 | Previsão: 28909.19
Valor do BTC atual: 28044.00 | Horário da Captura: 2023-08-17 13:39:45 | Previsão: 28909.19
Valor do BTC atual: 28044.00 | Horário da Captura: 2023-08-17 13:39:45 | Previsão: 28909.19
Valor do BTC atual: 28043.99 | Horário da Captura: 2023-08-17 13:39:46 | Previsão: 28909.19
Valor do BTC atual: 28043.99 | Horário da Captura: 2023-08-17 13:39:46 | Previsão: 28909.19
Valor do BTC atual: 28043.99 | Horário da Captura: 2023-08-17 13:39:46 | Previsão: 28909.19
Valor do BTC atual: 28040.00 | Horário da Captura: 2023-08-17 13:39:47 | Previsão: 28909.19
Valor do BTC atual: 28040.00 | Horário da Captura: 2023-08-17 13:39:47 | Previsão: 28909.19
Valor do BTC atual: 28040.00 | Horário da Captura: 2023-08-17 13:39:47 | Previsão: 28909.19
Valor do BTC atual: 28040.01 | Horário da Captura: 2023-08-17 13:39:48 | Previsão: 28909.19
Valor do BTC atual: 28040.00 | Horário da Captura: 2023-08-17 13:39:48 | Previsão: 28909.19
Valor do BTC atual: 28040.01 | Horário da Captura: 2023-08-17 13:39:48 | Previsão: 28909.19
Valor do BTC atual: 28040.01 | Horário da Captura: 2023-08-17 13:39:49 | Previsão: 28909.19
Valor do BTC atual: 28040.00 | Horário da Captura: 2023-08-17 13:39:49 | Previsão: 28909.19
Valor do BTC atual: 28040.00 | Horário da Captura: 2023-08-17 13:39:49 | Previsão: 28909.19
Valor do BTC atual: 28040.01 | Horário da Captura: 2023-08-17 13:39:50 | Previsão: 28909.19
Valor do BTC atual: 28040.01 | Horário da Captura: 2023-08-17 13:39:50 | Previsão: 28909.19
Valor do BTC atual: 28040.01 | Horário da Captura: 2023-08-17 13:39:50 | Previsão: 28909.19
Valor do BTC atual: 28040.01 | Horário da Captura: 2023-08-17 13:39:51 | Previsão: 28909.19
Valor do BTC atual: 28040.00 | Horário da Captura: 2023-08-17 13:39:51 | Previsão: 28909.19
Valor do BTC atual: 28040.01 | Horário da Captura: 2023-08-17 13:39:51 | Previsão: 28909.19
Valor do BTC atual: 28040.00 | Horário da Captura: 2023-08-17 13:39:52 | Previsão: 28909.19
Valor do BTC atual: 28040.01 | Horário da Captura: 2023-08-17 13:39:52 | Previsão: 28909.19
Valor do BTC atual: 28038.74 | Horário da Captura: 2023-08-17 13:39:53 | Previsão: 28909.19
Valor do BTC atual: 28038.75 | Horário da Captura: 2023-08-17 13:39:53 | Previsão: 28909.19
Valor do BTC atual: 28038.74 | Horário da Captura: 2023-08-17 13:39:53 | Previsão: 28909.19
Valor do BTC atual: 28038.75 | Horário da Captura: 2023-08-17 13:39:54 | Previsão: 28909.19
Valor do BTC atual: 28038.74 | Horário da Captura: 2023-08-17 13:39:54 | Previsão: 28909.19
Valor do BTC atual: 28038.74 | Horário da Captura: 2023-08-17 13:39:54 | Previsão: 28909.19
Valor do BTC atual: 28038.74 | Horário da Captura: 2023-08-17 13:39:55 | Previsão: 28909.19
Valor do BTC atual: 28038.75 | Horário da Captura: 2023-08-17 13:39:55 | Previsão: 28909.19
Valor do BTC atual: 28038.75 | Horário da Captura: 2023-08-17 13:39:55 | Previsão: 28909.19
Valor do BTC atual: 28038.75 | Horário da Captura: 2023-08-17 13:39:56 | Previsão: 28909.19
Valor do BTC atual: 28038.74 | Horário da Captura: 2023-08-17 13:39:56 | Previsão: 28909.19
Valor do BTC atual: 28038.74 | Horário da Captura: 2023-08-17 13:39:56 | Previsão: 28909.19
Valor do BTC atual: 28038.74 | Horário da Captura: 2023-08-17 13:39:57 | Previsão: 28909.19
Valor do BTC atual: 28038.75 | Horário da Captura: 2023-08-17 13:39:57 | Previsão: 28909.19
Valor do BTC atual: 28038.74 | Horário da Captura: 2023-08-17 13:39:57 | Previsão: 28909.19
Valor do BTC atual: 28038.74 | Horário da Captura: 2023-08-17 13:39:58 | Previsão: 28909.19
Valor do BTC atual: 28038.74 | Horário da Captura: 2023-08-17 13:39:58 | Previsão: 28909.19
Valor do BTC atual: 28038.75 | Horário da Captura: 2023-08-17 13:39:58 | Previsão: 28909.19
Valor do BTC atual: 28036.00 | Horário da Captura: 2023-08-17 13:39:59 | Previsão: 28909.19
Valor do BTC atual: 28034.11 | Horário da Captura: 2023-08-17 13:39:59 | Previsão: 28909.19
Valor do BTC atual: 28034.00 | Horário da Captura: 2023-08-17 13:39:59 | Previsão: 28909.19
Valor do BTC atual: 28034.01 | Horário da Captura: 2023-08-17 13:40:00 | Previsão: 28909.19
Valor do BTC atual: 28034.01 | Horário da Captura: 2023-08-17 13:40:00 | Previsão: 28909.19
Valor do BTC atual: 28030.67 | Horário da Captura: 2023-08-17 13:40:00 | Previsão: 28909.19
Valor do BTC atual: 28030.63 | Horário da Captura: 2023-08-17 13:40:01 | Previsão: 28909.19
Valor do BTC atual: 28030.63 | Horário da Captura: 2023-08-17 13:40:01 | Previsão: 28909.19
Valor do BTC atual: 28030.63 | Horário da Captura: 2023-08-17 13:40:01 | Previsão: 28909.19
Valor do BTC atual: 28030.63 | Horário da Captura: 2023-08-17 13:40:02 | Previsão: 28909.19
Valor do BTC atual: 28030.63 | Horário da Captura: 2023-08-17 13:40:02 | Previsão: 28909.19
Valor do BTC atual: 28030.62 | Horário da Captura: 2023-08-17 13:40:02 | Previsão: 28909.19
Valor do BTC atual: 28033.64 | Horário da Captura: 2023-08-17 13:40:03 | Previsão: 28909.19
Valor do BTC atual: 28035.99 | Horário da Captura: 2023-08-17 13:40:03 | Previsão: 28909.19
Valor do BTC atual: 28035.99 | Horário da Captura: 2023-08-17 13:40:04 | Previsão: 28909.19
Valor do BTC atual: 28037.90 | Horário da Captura: 2023-08-17 13:40:04 | Previsão: 28909.19
Valor do BTC atual: 28037.90 | Horário da Captura: 2023-08-17 13:40:05 | Previsão: 28909.19
Valor do BTC atual: 28038.00 | Horário da Captura: 2023-08-17 13:40:05 | Previsão: 28909.19
Valor do BTC atual: 28037.99 | Horário da Captura: 2023-08-17 13:40:05 | Previsão: 28909.19
Valor do BTC atual: 28037.99 | Horário da Captura: 2023-08-17 13:40:06 | Previsão: 28909.19
Valor do BTC atual: 28037.99 | Horário da Captura: 2023-08-17 13:40:06 | Previsão: 28909.19
Valor do BTC atual: 28038.00 | Horário da Captura: 2023-08-17 13:40:06 | Previsão: 28909.19
Valor do BTC atual: 28037.99 | Horário da Captura: 2023-08-17 13:40:07 | Previsão: 28909.19
Valor do BTC atual: 28037.99 | Horário da Captura: 2023-08-17 13:40:07 | Previsão: 28909.19
Valor do BTC atual: 28038.00 | Horário da Captura: 2023-08-17 13:40:07 | Previsão: 28909.19
Valor do BTC atual: 28038.00 | Horário da Captura: 2023-08-17 13:40:08 | Previsão: 28909.19
Valor do BTC atual: 28037.99 | Horário da Captura: 2023-08-17 13:40:08 | Previsão: 28909.19
Valor do BTC atual: 28045.40 | Horário da Captura: 2023-08-17 13:40:21 | Previsão: 28909.19
Valor do BTC atual: 28045.98 | Horário da Captura: 2023-08-17 13:40:27 | Previsão: 28909.19
Valor do BTC atual: 28047.98 | Horário da Captura: 2023-08-17 13:40:27 | Previsão: 28909.19
Valor do BTC atual: 28047.99 | Horário da Captura: 2023-08-17 13:40:28 | Previsão: 28909.19
Valor do BTC atual: 28047.98 | Horário da Captura: 2023-08-17 13:40:28 | Previsão: 28909.19
Valor do BTC atual: 28047.98 | Horário da Captura: 2023-08-17 13:40:28 | Previsão: 28909.19
Valor do BTC atual: 28047.98 | Horário da Captura: 2023-08-17 13:40:29 | Previsão: 28909.19
Valor do BTC atual: 28047.98 | Horário da Captura: 2023-08-17 13:40:29 | Previsão: 28909.19
Valor do BTC atual: 28049.24 | Horário da Captura: 2023-08-17 13:40:30 | Previsão: 28909.19
Valor do BTC atual: 28052.00 | Horário da Captura: 2023-08-17 13:40:31 | Previsão: 28909.19
Valor do BTC atual: 28055.99 | Horário da Captura: 2023-08-17 13:40:32 | Previsão: 28909.19
Valor do BTC atual: 28055.99 | Horário da Captura: 2023-08-17 13:40:32 | Previsão: 28909.19
Valor do BTC atual: 28055.99 | Horário da Captura: 2023-08-17 13:40:33 | Previsão: 28909.19
Valor do BTC atual: 28056.00 | Horário da Captura: 2023-08-17 13:40:34 | Previsão: 28909.19
Valor do BTC atual: 28056.00 | Horário da Captura: 2023-08-17 13:40:35 | Previsão: 28909.19
Valor do BTC atual: 28056.01 | Horário da Captura: 2023-08-17 13:40:35 | Previsão: 28909.19
Valor do BTC atual: 28059.16 | Horário da Captura: 2023-08-17 13:40:35 | Previsão: 28909.19
Valor do BTC atual: 28059.16 | Horário da Captura: 2023-08-17 13:40:36 | Previsão: 28909.19
Valor do BTC atual: 28059.16 | Horário da Captura: 2023-08-17 13:40:37 | Previsão: 28909.19
Valor do BTC atual: 28059.15 | Horário da Captura: 2023-08-17 13:40:37 | Previsão: 28909.19
Valor do BTC atual: 28059.15 | Horário da Captura: 2023-08-17 13:40:37 | Previsão: 28909.19
Valor do BTC atual: 28059.15 | Horário da Captura: 2023-08-17 13:40:38 | Previsão: 28909.19
Valor do BTC atual: 28059.15 | Horário da Captura: 2023-08-17 13:40:38 | Previsão: 28909.19
Valor do BTC atual: 27993.99 | Horário da Captura: 2023-08-17 13:47:46 | Previsão: 28909.19
Valor do BTC atual: 27994.00 | Horário da Captura: 2023-08-17 13:47:53 | Previsão: 28909.19
Valor do BTC atual: 27994.00 | Horário da Captura: 2023-08-17 13:47:53 | Previsão: 28909.19
Valor do BTC atual: 27994.00 | Horário da Captura: 2023-08-17 13:47:54 | Previsão: 28909.19
Valor do BTC atual: 27994.00 | Horário da Captura: 2023-08-17 13:47:54 | Previsão: 28909.19
Valor do BTC atual: 27994.00 | Horário da Captura: 2023-08-17 13:47:55 | Previsão: 28909.19
Valor do BTC atual: 27994.00 | Horário da Captura: 2023-08-17 13:47:55 | Previsão: 28909.19
Valor do BTC atual: 27994.00 | Horário da Captura: 2023-08-17 13:47:56 | Previsão: 28909.19
Valor do BTC atual: 27994.00 | Horário da Captura: 2023-08-17 13:47:57 | Previsão: 28909.19
Valor do BTC atual: 27994.00 | Horário da Captura: 2023-08-17 13:47:58 | Previsão: 28909.19
Valor do BTC atual: 27994.00 | Horário da Captura: 2023-08-17 13:47:58 | Previsão: 28909.19
Valor do BTC atual: 27993.99 | Horário da Captura: 2023-08-17 13:47:59 | Previsão: 28909.19
Valor do BTC atual: 27993.99 | Horário da Captura: 2023-08-17 13:47:59 | Previsão: 28909.19
Valor do BTC atual: 27993.99 | Horário da Captura: 2023-08-17 13:47:59 | Previsão: 28909.19
Valor do BTC atual: 27993.43 | Horário da Captura: 2023-08-17 13:48:00 | Previsão: 28909.19
Valor do BTC atual: 27993.43 | Horário da Captura: 2023-08-17 13:48:00 | Previsão: 28909.19
Valor do BTC atual: 27992.10 | Horário da Captura: 2023-08-17 13:48:00 | Previsão: 28909.19
Valor do BTC atual: 27992.11 | Horário da Captura: 2023-08-17 13:48:01 | Previsão: 28909.19
Valor do BTC atual: 27992.10 | Horário da Captura: 2023-08-17 13:48:02 | Previsão: 28909.19
Valor do BTC atual: 27992.11 | Horário da Captura: 2023-08-17 13:48:03 | Previsão: 28909.19
Valor do BTC atual: 27991.27 | Horário da Captura: 2023-08-17 13:48:03 | Previsão: 28909.19
Valor do BTC atual: 27991.27 | Horário da Captura: 2023-08-17 13:48:04 | Previsão: 28909.19
Valor do BTC atual: 27991.26 | Horário da Captura: 2023-08-17 13:48:05 | Previsão: 28909.19
Valor do BTC atual: 27991.26 | Horário da Captura: 2023-08-17 13:48:05 | Previsão: 28909.19
Valor do BTC atual: 27991.26 | Horário da Captura: 2023-08-17 13:48:05 | Previsão: 28909.19
Valor do BTC atual: 27991.26 | Horário da Captura: 2023-08-17 13:48:06 | Previsão: 28909.19
Valor do BTC atual: 27991.27 | Horário da Captura: 2023-08-17 13:48:06 | Previsão: 28909.19
Valor do BTC atual: 27986.70 | Horário da Captura: 2023-08-17 13:48:06 | Previsão: 28909.19
Valor do BTC atual: 27986.64 | Horário da Captura: 2023-08-17 13:48:07 | Previsão: 28909.19
Valor do BTC atual: 27986.64 | Horário da Captura: 2023-08-17 13:48:07 | Previsão: 28909.19
Valor do BTC atual: 27986.63 | Horário da Captura: 2023-08-17 13:48:07 | Previsão: 28909.19
Valor do BTC atual: 27962.00 | Horário da Captura: 2023-08-17 13:48:08 | Previsão: 28909.19
Valor do BTC atual: 27960.83 | Horário da Captura: 2023-08-17 13:48:08 | Previsão: 28909.19
Valor do BTC atual: 27959.01 | Horário da Captura: 2023-08-17 13:48:09 | Previsão: 28909.19
Valor do BTC atual: 27959.49 | Horário da Captura: 2023-08-17 13:48:09 | Previsão: 28909.19
Valor do BTC atual: 27963.99 | Horário da Captura: 2023-08-17 13:48:09 | Previsão: 28909.19
Valor do BTC atual: 27964.88 | Horário da Captura: 2023-08-17 13:48:10 | Previsão: 28909.19
Valor do BTC atual: 27964.87 | Horário da Captura: 2023-08-17 13:48:10 | Previsão: 28909.19
Valor do BTC atual: 27965.90 | Horário da Captura: 2023-08-17 13:48:11 | Previsão: 28909.19
Valor do BTC atual: 27969.74 | Horário da Captura: 2023-08-17 13:48:11 | Previsão: 28909.19
Valor do BTC atual: 27969.99 | Horário da Captura: 2023-08-17 13:48:11 | Previsão: 28909.19
Valor do BTC atual: 27971.99 | Horário da Captura: 2023-08-17 13:48:12 | Previsão: 28909.19
Valor do BTC atual: 27973.91 | Horário da Captura: 2023-08-17 13:48:12 | Previsão: 28909.19
Valor do BTC atual: 27973.90 | Horário da Captura: 2023-08-17 13:48:12 | Previsão: 28909.19
Valor do BTC atual: 27973.91 | Horário da Captura: 2023-08-17 13:48:13 | Previsão: 28909.19
Valor do BTC atual: 27973.90 | Horário da Captura: 2023-08-17 13:48:13 | Previsão: 28909.19
Valor do BTC atual: 27973.90 | Horário da Captura: 2023-08-17 13:48:13 | Previsão: 28909.19
Valor do BTC atual: 27973.90 | Horário da Captura: 2023-08-17 13:48:14 | Previsão: 28909.19
Valor do BTC atual: 27973.90 | Horário da Captura: 2023-08-17 13:48:14 | Previsão: 28909.19
Valor do BTC atual: 27973.90 | Horário da Captura: 2023-08-17 13:48:14 | Previsão: 28909.19
Valor do BTC atual: 27973.90 | Horário da Captura: 2023-08-17 13:48:15 | Previsão: 28909.19
Valor do BTC atual: 27973.90 | Horário da Captura: 2023-08-17 13:48:15 | Previsão: 28909.19
Valor do BTC atual: 27972.61 | Horário da Captura: 2023-08-17 13:48:16 | Previsão: 28909.19
Valor do BTC atual: 27972.02 | Horário da Captura: 2023-08-17 13:48:16 | Previsão: 28909.19
Valor do BTC atual: 27972.01 | Horário da Captura: 2023-08-17 13:48:16 | Previsão: 28909.19
Valor do BTC atual: 27971.24 | Horário da Captura: 2023-08-17 13:48:17 | Previsão: 28909.19
Valor do BTC atual: 27971.24 | Horário da Captura: 2023-08-17 13:48:17 | Previsão: 28909.19
Valor do BTC atual: 27971.23 | Horário da Captura: 2023-08-17 13:48:17 | Previsão: 28909.19
Valor do BTC atual: 27971.23 | Horário da Captura: 2023-08-17 13:48:18 | Previsão: 28909.19
Valor do BTC atual: 27968.81 | Horário da Captura: 2023-08-17 13:48:18 | Previsão: 28909.19
Valor do BTC atual: 27968.80 | Horário da Captura: 2023-08-17 13:48:18 | Previsão: 28909.19
Valor do BTC atual: 27968.57 | Horário da Captura: 2023-08-17 13:48:19 | Previsão: 28909.19
Valor do BTC atual: 27966.83 | Horário da Captura: 2023-08-17 13:48:19 | Previsão: 28909.19
Valor do BTC atual: 27966.49 | Horário da Captura: 2023-08-17 13:48:19 | Previsão: 28909.19
Valor do BTC atual: 27962.30 | Horário da Captura: 2023-08-17 13:48:20 | Previsão: 28909.19
Valor do BTC atual: 27960.11 | Horário da Captura: 2023-08-17 13:48:20 | Previsão: 28909.19
Valor do BTC atual: 27956.96 | Horário da Captura: 2023-08-17 13:48:21 | Previsão: 28909.19
Valor do BTC atual: 27956.96 | Horário da Captura: 2023-08-17 13:48:21 | Previsão: 28909.19
Valor do BTC atual: 27956.96 | Horário da Captura: 2023-08-17 13:48:22 | Previsão: 28909.19
Valor do BTC atual: 27952.69 | Horário da Captura: 2023-08-17 13:48:22 | Previsão: 28909.19
Valor do BTC atual: 27952.68 | Horário da Captura: 2023-08-17 13:48:22 | Previsão: 28909.19
Valor do BTC atual: 27949.86 | Horário da Captura: 2023-08-17 13:48:23 | Previsão: 28909.19
Valor do BTC atual: 27951.90 | Horário da Captura: 2023-08-17 13:48:23 | Previsão: 28909.19
Valor do BTC atual: 27951.94 | Horário da Captura: 2023-08-17 13:48:23 | Previsão: 28909.19
Valor do BTC atual: 27954.00 | Horário da Captura: 2023-08-17 13:48:24 | Previsão: 28909.19
Valor do BTC atual: 27958.00 | Horário da Captura: 2023-08-17 13:48:24 | Previsão: 28909.19
Valor do BTC atual: 27962.99 | Horário da Captura: 2023-08-17 13:48:25 | Previsão: 28909.19
Valor do BTC atual: 27963.99 | Horário da Captura: 2023-08-17 13:48:26 | Previsão: 28909.19
Valor do BTC atual: 27964.00 | Horário da Captura: 2023-08-17 13:48:27 | Previsão: 28909.19
Valor do BTC atual: 27963.99 | Horário da Captura: 2023-08-17 13:48:27 | Previsão: 28909.19
Valor do BTC atual: 27963.99 | Horário da Captura: 2023-08-17 13:48:27 | Previsão: 28909.19
Valor do BTC atual: 27963.99 | Horário da Captura: 2023-08-17 13:48:28 | Previsão: 28909.19
Valor do BTC atual: 27963.99 | Horário da Captura: 2023-08-17 13:48:28 | Previsão: 28909.19
Valor do BTC atual: 27963.99 | Horário da Captura: 2023-08-17 13:48:28 | Previsão: 28909.19
Valor do BTC atual: 27963.99 | Horário da Captura: 2023-08-17 13:48:29 | Previsão: 28909.19
Valor do BTC atual: 27964.00 | Horário da Captura: 2023-08-17 13:48:29 | Previsão: 28909.19
Valor do BTC atual: 27963.99 | Horário da Captura: 2023-08-17 13:48:29 | Previsão: 28909.19
Valor do BTC atual: 27963.99 | Horário da Captura: 2023-08-17 13:48:30 | Previsão: 28909.19
Valor do BTC atual: 27964.00 | Horário da Captura: 2023-08-17 13:48:30 | Previsão: 28909.19
Valor do BTC atual: 27963.99 | Horário da Captura: 2023-08-17 13:48:31 | Previsão: 28909.19
Valor do BTC atual: 27964.00 | Horário da Captura: 2023-08-17 13:48:31 | Previsão: 28909.19
Valor do BTC atual: 27964.00 | Horário da Captura: 2023-08-17 13:48:31 | Previsão: 28909.19
Valor do BTC atual: 27963.99 | Horário da Captura: 2023-08-17 13:48:32 | Previsão: 28909.19
Valor do BTC atual: 27963.99 | Horário da Captura: 2023-08-17 13:48:33 | Previsão: 28909.19
Valor do BTC atual: 27964.00 | Horário da Captura: 2023-08-17 13:48:33 | Previsão: 28909.19
Valor do BTC atual: 27964.00 | Horário da Captura: 2023-08-17 13:48:33 | Previsão: 28909.19
Valor do BTC atual: 27964.00 | Horário da Captura: 2023-08-17 13:48:34 | Previsão: 28909.19
Valor do BTC atual: 27964.00 | Horário da Captura: 2023-08-17 13:48:34 | Previsão: 28909.19
Valor do BTC atual: 27964.00 | Horário da Captura: 2023-08-17 13:48:35 | Previsão: 28909.19
Valor do BTC atual: 27963.99 | Horário da Captura: 2023-08-17 13:48:35 | Previsão: 28909.19
Valor do BTC atual: 27963.99 | Horário da Captura: 2023-08-17 13:48:36 | Previsão: 28909.19
Valor do BTC atual: 27963.99 | Horário da Captura: 2023-08-17 13:48:36 | Previsão: 28909.19
Valor do BTC atual: 27963.99 | Horário da Captura: 2023-08-17 13:48:36 | Previsão: 28909.19
Valor do BTC atual: 27963.99 | Horário da Captura: 2023-08-17 13:48:37 | Previsão: 28909.19
Valor do BTC atual: 27963.99 | Horário da Captura: 2023-08-17 13:48:37 | Previsão: 28909.19
Valor do BTC atual: 27963.99 | Horário da Captura: 2023-08-17 13:48:37 | Previsão: 28909.19
Valor do BTC atual: 27963.99 | Horário da Captura: 2023-08-17 13:48:38 | Previsão: 28909.19
Valor do BTC atual: 27963.99 | Horário da Captura: 2023-08-17 13:48:38 | Previsão: 28909.19
Valor do BTC atual: 27963.99 | Horário da Captura: 2023-08-17 13:48:38 | Previsão: 28909.19
Valor do BTC atual: 27964.00 | Horário da Captura: 2023-08-17 13:48:39 | Previsão: 28909.19
Valor do BTC atual: 27963.99 | Horário da Captura: 2023-08-17 13:48:39 | Previsão: 28909.19
Valor do BTC atual: 27964.00 | Horário da Captura: 2023-08-17 13:48:39 | Previsão: 28909.19
Valor do BTC atual: 27964.00 | Horário da Captura: 2023-08-17 13:48:40 | Previsão: 28909.19
Valor do BTC atual: 27963.99 | Horário da Captura: 2023-08-17 13:48:40 | Previsão: 28909.19
Valor do BTC atual: 27964.46 | Horário da Captura: 2023-08-17 13:48:41 | Previsão: 28909.19
Valor do BTC atual: 27966.00 | Horário da Captura: 2023-08-17 13:48:41 | Previsão: 28909.19
Valor do BTC atual: 27966.00 | Horário da Captura: 2023-08-17 13:48:41 | Previsão: 28909.19
Valor do BTC atual: 27966.00 | Horário da Captura: 2023-08-17 13:48:42 | Previsão: 28909.19
Valor do BTC atual: 27965.99 | Horário da Captura: 2023-08-17 13:48:42 | Previsão: 28909.19
Valor do BTC atual: 27966.00 | Horário da Captura: 2023-08-17 13:48:42 | Previsão: 28909.19
Valor do BTC atual: 27966.00 | Horário da Captura: 2023-08-17 13:48:43 | Previsão: 28909.19
Valor do BTC atual: 27967.39 | Horário da Captura: 2023-08-17 13:48:44 | Previsão: 28909.19
Valor do BTC atual: 27967.39 | Horário da Captura: 2023-08-17 13:48:44 | Previsão: 28909.19
Valor do BTC atual: 27967.40 | Horário da Captura: 2023-08-17 13:48:45 | Previsão: 28909.19
Valor do BTC atual: 27967.40 | Horário da Captura: 2023-08-17 13:48:45 | Previsão: 28909.19
Valor do BTC atual: 27967.40 | Horário da Captura: 2023-08-17 13:48:45 | Previsão: 28909.19
Valor do BTC atual: 27967.40 | Horário da Captura: 2023-08-17 13:48:46 | Previsão: 28909.19
Valor do BTC atual: 27967.40 | Horário da Captura: 2023-08-17 13:48:46 | Previsão: 28909.19
Valor do BTC atual: 27967.39 | Horário da Captura: 2023-08-17 13:48:46 | Previsão: 28909.19
Valor do BTC atual: 27967.39 | Horário da Captura: 2023-08-17 13:48:47 | Previsão: 28909.19
Valor do BTC atual: 27967.40 | Horário da Captura: 2023-08-17 13:48:47 | Previsão: 28909.19
Valor do BTC atual: 27967.39 | Horário da Captura: 2023-08-17 13:48:47 | Previsão: 28909.19
Valor do BTC atual: 27967.39 | Horário da Captura: 2023-08-17 13:48:48 | Previsão: 28909.19
Valor do BTC atual: 27967.39 | Horário da Captura: 2023-08-17 13:48:48 | Previsão: 28909.19
Valor do BTC atual: 27967.39 | Horário da Captura: 2023-08-17 13:48:48 | Previsão: 28909.19
Valor do BTC atual: 27967.39 | Horário da Captura: 2023-08-17 13:48:49 | Previsão: 28909.19
Valor do BTC atual: 27967.40 | Horário da Captura: 2023-08-17 13:48:49 | Previsão: 28909.19
Valor do BTC atual: 27967.39 | Horário da Captura: 2023-08-17 13:48:49 | Previsão: 28909.19
Valor do BTC atual: 27967.40 | Horário da Captura: 2023-08-17 13:48:50 | Previsão: 28909.19
Valor do BTC atual: 27967.40 | Horário da Captura: 2023-08-17 13:48:50 | Previsão: 28909.19
Valor do BTC atual: 27967.39 | Horário da Captura: 2023-08-17 13:48:51 | Previsão: 28909.19
Valor do BTC atual: 27967.40 | Horário da Captura: 2023-08-17 13:48:51 | Previsão: 28909.19
Valor do BTC atual: 27972.78 | Horário da Captura: 2023-08-17 13:48:51 | Previsão: 28909.19
Valor do BTC atual: 27974.00 | Horário da Captura: 2023-08-17 13:48:52 | Previsão: 28909.19
Valor do BTC atual: 27974.00 | Horário da Captura: 2023-08-17 13:48:52 | Previsão: 28909.19
Valor do BTC atual: 27974.00 | Horário da Captura: 2023-08-17 13:48:52 | Previsão: 28909.19
Valor do BTC atual: 27974.00 | Horário da Captura: 2023-08-17 13:48:53 | Previsão: 28909.19
Valor do BTC atual: 27973.99 | Horário da Captura: 2023-08-17 13:48:53 | Previsão: 28909.19
Valor do BTC atual: 27973.99 | Horário da Captura: 2023-08-17 13:48:53 | Previsão: 28909.19
Valor do BTC atual: 27973.99 | Horário da Captura: 2023-08-17 13:48:54 | Previsão: 28909.19
Valor do BTC atual: 27975.30 | Horário da Captura: 2023-08-17 13:48:54 | Previsão: 28909.19
Valor do BTC atual: 27976.98 | Horário da Captura: 2023-08-17 13:48:55 | Previsão: 28909.19
Valor do BTC atual: 27978.21 | Horário da Captura: 2023-08-17 13:48:55 | Previsão: 28909.19
Valor do BTC atual: 27981.95 | Horário da Captura: 2023-08-17 13:48:55 | Previsão: 28909.19
Valor do BTC atual: 27981.95 | Horário da Captura: 2023-08-17 13:48:56 | Previsão: 28909.19
Valor do BTC atual: 27981.95 | Horário da Captura: 2023-08-17 13:48:56 | Previsão: 28909.19
Valor do BTC atual: 27981.94 | Horário da Captura: 2023-08-17 13:48:57 | Previsão: 28909.19
Valor do BTC atual: 27981.94 | Horário da Captura: 2023-08-17 13:48:57 | Previsão: 28909.19
Valor do BTC atual: 27981.94 | Horário da Captura: 2023-08-17 13:48:58 | Previsão: 28909.19
Valor do BTC atual: 27981.95 | Horário da Captura: 2023-08-17 13:48:58 | Previsão: 28909.19
Valor do BTC atual: 27981.94 | Horário da Captura: 2023-08-17 13:48:58 | Previsão: 28909.19
Valor do BTC atual: 27981.94 | Horário da Captura: 2023-08-17 13:48:59 | Previsão: 28909.19
Valor do BTC atual: 27981.95 | Horário da Captura: 2023-08-17 13:48:59 | Previsão: 28909.19
Valor do BTC atual: 27981.94 | Horário da Captura: 2023-08-17 13:48:59 | Previsão: 28909.19
Valor do BTC atual: 27981.95 | Horário da Captura: 2023-08-17 13:49:00 | Previsão: 28909.19
Valor do BTC atual: 27981.95 | Horário da Captura: 2023-08-17 13:49:00 | Previsão: 28909.19
Valor do BTC atual: 27981.94 | Horário da Captura: 2023-08-17 13:49:00 | Previsão: 28909.19
Valor do BTC atual: 27981.95 | Horário da Captura: 2023-08-17 13:49:01 | Previsão: 28909.19
Valor do BTC atual: 27981.95 | Horário da Captura: 2023-08-17 13:49:01 | Previsão: 28909.19
Valor do BTC atual: 27981.95 | Horário da Captura: 2023-08-17 13:49:01 | Previsão: 28909.19
Valor do BTC atual: 27981.95 | Horário da Captura: 2023-08-17 13:49:02 | Previsão: 28909.19
Valor do BTC atual: 27981.95 | Horário da Captura: 2023-08-17 13:49:02 | Previsão: 28909.19
Valor do BTC atual: 27981.95 | Horário da Captura: 2023-08-17 13:49:03 | Previsão: 28909.19
Valor do BTC atual: 27981.95 | Horário da Captura: 2023-08-17 13:49:03 | Previsão: 28909.19
Valor do BTC atual: 27981.95 | Horário da Captura: 2023-08-17 13:49:03 | Previsão: 28909.19
Valor do BTC atual: 27981.95 | Horário da Captura: 2023-08-17 13:49:04 | Previsão: 28909.19
Valor do BTC atual: 27981.95 | Horário da Captura: 2023-08-17 13:49:04 | Previsão: 28909.19
Valor do BTC atual: 27984.53 | Horário da Captura: 2023-08-17 13:49:04 | Previsão: 28909.19
Valor do BTC atual: 27985.99 | Horário da Captura: 2023-08-17 13:49:05 | Previsão: 28909.19
Valor do BTC atual: 27984.54 | Horário da Captura: 2023-08-17 13:49:05 | Previsão: 28909.19
Valor do BTC atual: 27982.64 | Horário da Captura: 2023-08-17 13:49:05 | Previsão: 28909.19
Valor do BTC atual: 27982.65 | Horário da Captura: 2023-08-17 13:49:06 | Previsão: 28909.19
Valor do BTC atual: 27982.65 | Horário da Captura: 2023-08-17 13:49:06 | Previsão: 28909.19
Valor do BTC atual: 27980.00 | Horário da Captura: 2023-08-17 13:49:06 | Previsão: 28909.19
Valor do BTC atual: 27980.01 | Horário da Captura: 2023-08-17 13:49:07 | Previsão: 28909.19
Valor do BTC atual: 27980.01 | Horário da Captura: 2023-08-17 13:49:07 | Previsão: 28909.19
Valor do BTC atual: 27978.02 | Horário da Captura: 2023-08-17 13:49:08 | Previsão: 28909.19
Valor do BTC atual: 27978.02 | Horário da Captura: 2023-08-17 13:49:08 | Previsão: 28909.19
Valor do BTC atual: 27978.02 | Horário da Captura: 2023-08-17 13:49:08 | Previsão: 28909.19
Valor do BTC atual: 27978.02 | Horário da Captura: 2023-08-17 13:49:09 | Previsão: 28909.19
Valor do BTC atual: 27978.01 | Horário da Captura: 2023-08-17 13:49:09 | Previsão: 28909.19
Valor do BTC atual: 27976.91 | Horário da Captura: 2023-08-17 13:49:09 | Previsão: 28909.19
Valor do BTC atual: 27974.38 | Horário da Captura: 2023-08-17 13:49:10 | Previsão: 28909.19
Valor do BTC atual: 27972.11 | Horário da Captura: 2023-08-17 13:49:10 | Previsão: 28909.19
Valor do BTC atual: 27972.01 | Horário da Captura: 2023-08-17 13:49:10 | Previsão: 28909.19
Valor do BTC atual: 27972.01 | Horário da Captura: 2023-08-17 13:49:11 | Previsão: 28909.19
Valor do BTC atual: 27972.01 | Horário da Captura: 2023-08-17 13:49:11 | Previsão: 28909.19
Valor do BTC atual: 27968.01 | Horário da Captura: 2023-08-17 13:49:12 | Previsão: 28909.19
Valor do BTC atual: 27968.00 | Horário da Captura: 2023-08-17 13:49:12 | Previsão: 28909.19
Valor do BTC atual: 27968.00 | Horário da Captura: 2023-08-17 13:49:12 | Previsão: 28909.19
Valor do BTC atual: 27968.00 | Horário da Captura: 2023-08-17 13:49:13 | Previsão: 28909.19
Valor do BTC atual: 27967.39 | Horário da Captura: 2023-08-17 13:49:13 | Previsão: 28909.19
Valor do BTC atual: 27967.40 | Horário da Captura: 2023-08-17 13:49:13 | Previsão: 28909.19
Valor do BTC atual: 27966.02 | Horário da Captura: 2023-08-17 13:49:14 | Previsão: 28909.19
Valor do BTC atual: 27966.01 | Horário da Captura: 2023-08-17 13:49:14 | Previsão: 28909.19
Valor do BTC atual: 27965.52 | Horário da Captura: 2023-08-17 13:49:14 | Previsão: 28909.19
Valor do BTC atual: 27962.70 | Horário da Captura: 2023-08-17 13:49:15 | Previsão: 28909.19
Valor do BTC atual: 27962.70 | Horário da Captura: 2023-08-17 13:49:15 | Previsão: 28909.19
Valor do BTC atual: 27960.02 | Horário da Captura: 2023-08-17 13:49:15 | Previsão: 28909.19
Valor do BTC atual: 27960.01 | Horário da Captura: 2023-08-17 13:49:16 | Previsão: 28909.19
Valor do BTC atual: 27957.01 | Horário da Captura: 2023-08-17 13:49:16 | Previsão: 28909.19
Valor do BTC atual: 27954.30 | Horário da Captura: 2023-08-17 13:49:17 | Previsão: 28909.19
Valor do BTC atual: 27954.31 | Horário da Captura: 2023-08-17 13:49:17 | Previsão: 28909.19
Valor do BTC atual: 27954.31 | Horário da Captura: 2023-08-17 13:49:17 | Previsão: 28909.19
Valor do BTC atual: 27954.31 | Horário da Captura: 2023-08-17 13:49:18 | Previsão: 28909.19
Valor do BTC atual: 27954.30 | Horário da Captura: 2023-08-17 13:49:18 | Previsão: 28909.19
Valor do BTC atual: 27954.31 | Horário da Captura: 2023-08-17 13:49:18 | Previsão: 28909.19
Valor do BTC atual: 27954.30 | Horário da Captura: 2023-08-17 13:49:19 | Previsão: 28909.19
Valor do BTC atual: 27954.30 | Horário da Captura: 2023-08-17 13:49:19 | Previsão: 28909.19
Valor do BTC atual: 27952.02 | Horário da Captura: 2023-08-17 13:49:20 | Previsão: 28909.19
Valor do BTC atual: 27952.02 | Horário da Captura: 2023-08-17 13:49:20 | Previsão: 28909.19
Valor do BTC atual: 27952.01 | Horário da Captura: 2023-08-17 13:49:20 | Previsão: 28909.19
Valor do BTC atual: 27952.01 | Horário da Captura: 2023-08-17 13:49:21 | Previsão: 28909.19
Valor do BTC atual: 27952.02 | Horário da Captura: 2023-08-17 13:49:21 | Previsão: 28909.19
Valor do BTC atual: 27952.02 | Horário da Captura: 2023-08-17 13:49:21 | Previsão: 28909.19
Valor do BTC atual: 27952.01 | Horário da Captura: 2023-08-17 13:49:22 | Previsão: 28909.19
Valor do BTC atual: 27952.02 | Horário da Captura: 2023-08-17 13:49:22 | Previsão: 28909.19
Valor do BTC atual: 27952.02 | Horário da Captura: 2023-08-17 13:49:23 | Previsão: 28909.19
Valor do BTC atual: 27952.02 | Horário da Captura: 2023-08-17 13:49:23 | Previsão: 28909.19
Valor do BTC atual: 27952.02 | Horário da Captura: 2023-08-17 13:49:23 | Previsão: 28909.19
Valor do BTC atual: 27952.02 | Horário da Captura: 2023-08-17 13:49:24 | Previsão: 28909.19
Valor do BTC atual: 27952.01 | Horário da Captura: 2023-08-17 13:49:24 | Previsão: 28909.19
Valor do BTC atual: 27952.01 | Horário da Captura: 2023-08-17 13:49:24 | Previsão: 28909.19
Valor do BTC atual: 27952.02 | Horário da Captura: 2023-08-17 13:49:25 | Previsão: 28909.19
Valor do BTC atual: 27952.01 | Horário da Captura: 2023-08-17 13:49:26 | Previsão: 28909.19
Valor do BTC atual: 27952.02 | Horário da Captura: 2023-08-17 13:49:26 | Previsão: 28909.19
Valor do BTC atual: 27952.02 | Horário da Captura: 2023-08-17 13:49:27 | Previsão: 28909.19
Valor do BTC atual: 27952.02 | Horário da Captura: 2023-08-17 13:49:28 | Previsão: 28909.19
Valor do BTC atual: 27952.02 | Horário da Captura: 2023-08-17 13:49:28 | Previsão: 28909.19
Valor do BTC atual: 27952.57 | Horário da Captura: 2023-08-17 13:49:28 | Previsão: 28909.19
Valor do BTC atual: 27955.99 | Horário da Captura: 2023-08-17 13:49:29 | Previsão: 28909.19
Valor do BTC atual: 27955.99 | Horário da Captura: 2023-08-17 13:49:29 | Previsão: 28909.19
Valor do BTC atual: 27956.25 | Horário da Captura: 2023-08-17 13:49:29 | Previsão: 28909.19
Valor do BTC atual: 27956.26 | Horário da Captura: 2023-08-17 13:49:30 | Previsão: 28909.19
Valor do BTC atual: 27956.25 | Horário da Captura: 2023-08-17 13:49:31 | Previsão: 28909.19
Valor do BTC atual: 27956.26 | Horário da Captura: 2023-08-17 13:49:31 | Previsão: 28909.19
Valor do BTC atual: 27956.25 | Horário da Captura: 2023-08-17 13:49:31 | Previsão: 28909.19
Valor do BTC atual: 27957.99 | Horário da Captura: 2023-08-17 13:49:32 | Previsão: 28909.19
Valor do BTC atual: 27958.31 | Horário da Captura: 2023-08-17 13:49:32 | Previsão: 28909.19
Valor do BTC atual: 27958.30 | Horário da Captura: 2023-08-17 13:49:32 | Previsão: 28909.19
Valor do BTC atual: 27959.26 | Horário da Captura: 2023-08-17 13:49:33 | Previsão: 28909.19
Valor do BTC atual: 27959.27 | Horário da Captura: 2023-08-17 13:49:33 | Previsão: 28909.19
Valor do BTC atual: 27959.26 | Horário da Captura: 2023-08-17 13:49:34 | Previsão: 28909.19
Valor do BTC atual: 27959.26 | Horário da Captura: 2023-08-17 13:49:34 | Previsão: 28909.19
Valor do BTC atual: 27959.26 | Horário da Captura: 2023-08-17 13:49:35 | Previsão: 28909.19
Valor do BTC atual: 27952.02 | Horário da Captura: 2023-08-17 13:49:35 | Previsão: 28909.19
Valor do BTC atual: 27952.01 | Horário da Captura: 2023-08-17 13:49:35 | Previsão: 28909.19
Valor do BTC atual: 27951.46 | Horário da Captura: 2023-08-17 13:49:36 | Previsão: 28909.19
Valor do BTC atual: 27951.45 | Horário da Captura: 2023-08-17 13:49:36 | Previsão: 28909.19
Valor do BTC atual: 27948.76 | Horário da Captura: 2023-08-17 13:49:37 | Previsão: 28909.19
Valor do BTC atual: 27948.00 | Horário da Captura: 2023-08-17 13:49:37 | Previsão: 28909.19
Valor do BTC atual: 27948.01 | Horário da Captura: 2023-08-17 13:49:37 | Previsão: 28909.19
Valor do BTC atual: 27948.01 | Horário da Captura: 2023-08-17 13:49:38 | Previsão: 28909.19
Valor do BTC atual: 27948.01 | Horário da Captura: 2023-08-17 13:49:38 | Previsão: 28909.19
Valor do BTC atual: 27948.01 | Horário da Captura: 2023-08-17 13:49:38 | Previsão: 28909.19
Valor do BTC atual: 27948.01 | Horário da Captura: 2023-08-17 13:49:39 | Previsão: 28909.19
Valor do BTC atual: 27948.00 | Horário da Captura: 2023-08-17 13:49:39 | Previsão: 28909.19
Valor do BTC atual: 27948.00 | Horário da Captura: 2023-08-17 13:49:39 | Previsão: 28909.19
Valor do BTC atual: 27948.00 | Horário da Captura: 2023-08-17 13:49:40 | Previsão: 28909.19
Valor do BTC atual: 27948.01 | Horário da Captura: 2023-08-17 13:49:40 | Previsão: 28909.19
Valor do BTC atual: 27948.01 | Horário da Captura: 2023-08-17 13:49:40 | Previsão: 28909.19
Valor do BTC atual: 27948.01 | Horário da Captura: 2023-08-17 13:49:41 | Previsão: 28909.19
Valor do BTC atual: 27948.01 | Horário da Captura: 2023-08-17 13:49:41 | Previsão: 28909.19
Valor do BTC atual: 27951.71 | Horário da Captura: 2023-08-17 13:49:42 | Previsão: 28909.19
Valor do BTC atual: 27952.00 | Horário da Captura: 2023-08-17 13:49:42 | Previsão: 28909.19
Valor do BTC atual: 27952.00 | Horário da Captura: 2023-08-17 13:49:43 | Previsão: 28909.19
Valor do BTC atual: 27952.00 | Horário da Captura: 2023-08-17 13:49:43 | Previsão: 28909.19
Valor do BTC atual: 27952.00 | Horário da Captura: 2023-08-17 13:49:44 | Previsão: 28909.19
Valor do BTC atual: 27952.00 | Horário da Captura: 2023-08-17 13:49:44 | Previsão: 28909.19
Valor do BTC atual: 27952.00 | Horário da Captura: 2023-08-17 13:49:44 | Previsão: 28909.19
Valor do BTC atual: 27952.00 | Horário da Captura: 2023-08-17 13:49:45 | Previsão: 28909.19
Valor do BTC atual: 27952.00 | Horário da Captura: 2023-08-17 13:49:45 | Previsão: 28909.19
Valor do BTC atual: 27952.00 | Horário da Captura: 2023-08-17 13:49:45 | Previsão: 28909.19
Valor do BTC atual: 27951.99 | Horário da Captura: 2023-08-17 13:49:46 | Previsão: 28909.19
Valor do BTC atual: 27951.99 | Horário da Captura: 2023-08-17 13:49:46 | Previsão: 28909.19
Valor do BTC atual: 27952.00 | Horário da Captura: 2023-08-17 13:49:46 | Previsão: 28909.19
Valor do BTC atual: 27952.00 | Horário da Captura: 2023-08-17 13:49:47 | Previsão: 28909.19
Valor do BTC atual: 27952.00 | Horário da Captura: 2023-08-17 13:49:47 | Previsão: 28909.19
Valor do BTC atual: 27952.00 | Horário da Captura: 2023-08-17 13:49:47 | Previsão: 28909.19
Valor do BTC atual: 27953.30 | Horário da Captura: 2023-08-17 13:49:48 | Previsão: 28909.19
Valor do BTC atual: 27956.00 | Horário da Captura: 2023-08-17 13:49:48 | Previsão: 28909.19
Valor do BTC atual: 27956.55 | Horário da Captura: 2023-08-17 13:49:48 | Previsão: 28909.19
Valor do BTC atual: 27956.83 | Horário da Captura: 2023-08-17 13:49:49 | Previsão: 28909.19
Valor do BTC atual: 27956.83 | Horário da Captura: 2023-08-17 13:49:49 | Previsão: 28909.19
Valor do BTC atual: 27956.83 | Horário da Captura: 2023-08-17 13:49:50 | Previsão: 28909.19
Valor do BTC atual: 27953.05 | Horário da Captura: 2023-08-17 13:49:50 | Previsão: 28909.19
Valor do BTC atual: 27953.01 | Horário da Captura: 2023-08-17 13:49:50 | Previsão: 28909.19
Valor do BTC atual: 27953.00 | Horário da Captura: 2023-08-17 13:49:51 | Previsão: 28909.19
Valor do BTC atual: 27953.01 | Horário da Captura: 2023-08-17 13:49:51 | Previsão: 28909.19
Valor do BTC atual: 27953.01 | Horário da Captura: 2023-08-17 13:49:51 | Previsão: 28909.19
Valor do BTC atual: 27953.01 | Horário da Captura: 2023-08-17 13:49:52 | Previsão: 28909.19
Valor do BTC atual: 27953.01 | Horário da Captura: 2023-08-17 13:49:52 | Previsão: 28909.19
Valor do BTC atual: 27953.90 | Horário da Captura: 2023-08-17 13:49:52 | Previsão: 28909.19
Valor do BTC atual: 27953.90 | Horário da Captura: 2023-08-17 13:49:53 | Previsão: 28909.19
Valor do BTC atual: 27955.03 | Horário da Captura: 2023-08-17 13:49:53 | Previsão: 28909.19
Valor do BTC atual: 27956.00 | Horário da Captura: 2023-08-17 13:49:54 | Previsão: 28909.19
Valor do BTC atual: 27956.52 | Horário da Captura: 2023-08-17 13:49:54 | Previsão: 28909.19
Valor do BTC atual: 27956.52 | Horário da Captura: 2023-08-17 13:49:55 | Previsão: 28909.19
Valor do BTC atual: 27956.52 | Horário da Captura: 2023-08-17 13:49:55 | Previsão: 28909.19
Valor do BTC atual: 27956.51 | Horário da Captura: 2023-08-17 13:49:56 | Previsão: 28909.19
Valor do BTC atual: 27948.53 | Horário da Captura: 2023-08-17 13:49:56 | Previsão: 28909.19
Valor do BTC atual: 27948.53 | Horário da Captura: 2023-08-17 13:49:56 | Previsão: 28909.19
Valor do BTC atual: 27948.52 | Horário da Captura: 2023-08-17 13:49:57 | Previsão: 28909.19
Valor do BTC atual: 27948.53 | Horário da Captura: 2023-08-17 13:49:57 | Previsão: 28909.19
Valor do BTC atual: 27948.53 | Horário da Captura: 2023-08-17 13:49:57 | Previsão: 28909.19
Valor do BTC atual: 27948.53 | Horário da Captura: 2023-08-17 13:49:58 | Previsão: 28909.19
Valor do BTC atual: 27948.53 | Horário da Captura: 2023-08-17 13:49:58 | Previsão: 28909.19
Valor do BTC atual: 27948.52 | Horário da Captura: 2023-08-17 13:49:58 | Previsão: 28909.19
Valor do BTC atual: 27948.53 | Horário da Captura: 2023-08-17 13:49:59 | Previsão: 28909.19
Valor do BTC atual: 27948.52 | Horário da Captura: 2023-08-17 13:49:59 | Previsão: 28909.19
Valor do BTC atual: 27948.53 | Horário da Captura: 2023-08-17 13:50:00 | Previsão: 28909.19
Valor do BTC atual: 27948.52 | Horário da Captura: 2023-08-17 13:50:00 | Previsão: 28909.19
Valor do BTC atual: 27948.52 | Horário da Captura: 2023-08-17 13:50:00 | Previsão: 28909.19
Valor do BTC atual: 27948.53 | Horário da Captura: 2023-08-17 13:50:01 | Previsão: 28909.19
Valor do BTC atual: 27948.53 | Horário da Captura: 2023-08-17 13:50:01 | Previsão: 28909.19
Valor do BTC atual: 27948.53 | Horário da Captura: 2023-08-17 13:50:01 | Previsão: 28909.19
Valor do BTC atual: 27948.53 | Horário da Captura: 2023-08-17 13:50:02 | Previsão: 28909.19
Valor do BTC atual: 27948.52 | Horário da Captura: 2023-08-17 13:50:02 | Previsão: 28909.19
Valor do BTC atual: 27948.52 | Horário da Captura: 2023-08-17 13:50:02 | Previsão: 28909.19
Valor do BTC atual: 27948.53 | Horário da Captura: 2023-08-17 13:50:03 | Previsão: 28909.19
Valor do BTC atual: 27948.53 | Horário da Captura: 2023-08-17 13:50:03 | Previsão: 28909.19
Valor do BTC atual: 27948.52 | Horário da Captura: 2023-08-17 13:50:04 | Previsão: 28909.19
Valor do BTC atual: 27948.52 | Horário da Captura: 2023-08-17 13:50:04 | Previsão: 28909.19
Valor do BTC atual: 27948.52 | Horário da Captura: 2023-08-17 13:50:04 | Previsão: 28909.19
Valor do BTC atual: 27946.02 | Horário da Captura: 2023-08-17 13:50:05 | Previsão: 28909.19
Valor do BTC atual: 27946.01 | Horário da Captura: 2023-08-17 13:50:05 | Previsão: 28909.19
Valor do BTC atual: 27946.01 | Horário da Captura: 2023-08-17 13:50:05 | Previsão: 28909.19
Valor do BTC atual: 27946.02 | Horário da Captura: 2023-08-17 13:50:06 | Previsão: 28909.19
Valor do BTC atual: 27946.02 | Horário da Captura: 2023-08-17 13:50:06 | Previsão: 28909.19
Valor do BTC atual: 27946.01 | Horário da Captura: 2023-08-17 13:50:07 | Previsão: 28909.19
Valor do BTC atual: 27946.01 | Horário da Captura: 2023-08-17 13:50:07 | Previsão: 28909.19
Valor do BTC atual: 27946.01 | Horário da Captura: 2023-08-17 13:50:07 | Previsão: 28909.19
Valor do BTC atual: 27946.01 | Horário da Captura: 2023-08-17 13:50:08 | Previsão: 28909.19
Valor do BTC atual: 27946.01 | Horário da Captura: 2023-08-17 13:50:08 | Previsão: 28909.19
Valor do BTC atual: 27946.01 | Horário da Captura: 2023-08-17 13:50:08 | Previsão: 28909.19
Valor do BTC atual: 27946.00 | Horário da Captura: 2023-08-17 13:50:09 | Previsão: 28909.19
Valor do BTC atual: 27946.02 | Horário da Captura: 2023-08-17 13:50:09 | Previsão: 28909.19
Valor do BTC atual: 27948.53 | Horário da Captura: 2023-08-17 13:50:09 | Previsão: 28909.19
Valor do BTC atual: 27948.53 | Horário da Captura: 2023-08-17 13:50:10 | Previsão: 28909.19
Valor do BTC atual: 27948.53 | Horário da Captura: 2023-08-17 13:50:10 | Previsão: 28909.19
Valor do BTC atual: 27948.53 | Horário da Captura: 2023-08-17 13:50:10 | Previsão: 28909.19
Valor do BTC atual: 27948.87 | Horário da Captura: 2023-08-17 13:50:11 | Previsão: 28909.19
Valor do BTC atual: 27948.88 | Horário da Captura: 2023-08-17 13:50:11 | Previsão: 28909.19
Valor do BTC atual: 27948.88 | Horário da Captura: 2023-08-17 13:50:11 | Previsão: 28909.19
Valor do BTC atual: 27950.00 | Horário da Captura: 2023-08-17 13:50:12 | Previsão: 28909.19
Valor do BTC atual: 27953.99 | Horário da Captura: 2023-08-17 13:50:12 | Previsão: 28909.19
Valor do BTC atual: 27954.00 | Horário da Captura: 2023-08-17 13:50:13 | Previsão: 28909.19
Valor do BTC atual: 27954.00 | Horário da Captura: 2023-08-17 13:50:13 | Previsão: 28909.19
Valor do BTC atual: 27953.99 | Horário da Captura: 2023-08-17 13:50:13 | Previsão: 28909.19
Valor do BTC atual: 27954.00 | Horário da Captura: 2023-08-17 13:50:14 | Previsão: 28909.19
Valor do BTC atual: 27954.00 | Horário da Captura: 2023-08-17 13:50:14 | Previsão: 28909.19
Valor do BTC atual: 27954.00 | Horário da Captura: 2023-08-17 13:50:14 | Previsão: 28909.19
Valor do BTC atual: 27954.00 | Horário da Captura: 2023-08-17 13:50:15 | Previsão: 28909.19
Valor do BTC atual: 27954.00 | Horário da Captura: 2023-08-17 13:50:15 | Previsão: 28909.19
Valor do BTC atual: 27954.00 | Horário da Captura: 2023-08-17 13:50:15 | Previsão: 28909.19
Valor do BTC atual: 27955.24 | Horário da Captura: 2023-08-17 13:50:16 | Previsão: 28909.19
Valor do BTC atual: 27956.84 | Horário da Captura: 2023-08-17 13:50:16 | Previsão: 28909.19
Valor do BTC atual: 27958.00 | Horário da Captura: 2023-08-17 13:50:17 | Previsão: 28909.19
Valor do BTC atual: 27958.00 | Horário da Captura: 2023-08-17 13:50:18 | Previsão: 28909.19
Valor do BTC atual: 27958.00 | Horário da Captura: 2023-08-17 13:50:18 | Previsão: 28909.19
Valor do BTC atual: 27958.00 | Horário da Captura: 2023-08-17 13:50:19 | Previsão: 28909.19
Valor do BTC atual: 27958.00 | Horário da Captura: 2023-08-17 13:50:19 | Previsão: 28909.19
Valor do BTC atual: 27958.00 | Horário da Captura: 2023-08-17 13:50:19 | Previsão: 28909.19
Valor do BTC atual: 27957.99 | Horário da Captura: 2023-08-17 13:50:20 | Previsão: 28909.19
Valor do BTC atual: 27958.00 | Horário da Captura: 2023-08-17 13:50:20 | Previsão: 28909.19
Valor do BTC atual: 27958.00 | Horário da Captura: 2023-08-17 13:50:20 | Previsão: 28909.19
Valor do BTC atual: 27958.00 | Horário da Captura: 2023-08-17 13:50:21 | Previsão: 28909.19
Valor do BTC atual: 27957.99 | Horário da Captura: 2023-08-17 13:50:21 | Previsão: 28909.19
Valor do BTC atual: 27957.99 | Horário da Captura: 2023-08-17 13:50:22 | Previsão: 28909.19
Valor do BTC atual: 27957.99 | Horário da Captura: 2023-08-17 13:50:22 | Previsão: 28909.19
Valor do BTC atual: 27957.99 | Horário da Captura: 2023-08-17 13:50:22 | Previsão: 28909.19
Valor do BTC atual: 27958.00 | Horário da Captura: 2023-08-17 13:50:23 | Previsão: 28909.19
Valor do BTC atual: 27958.00 | Horário da Captura: 2023-08-17 13:50:23 | Previsão: 28909.19
Valor do BTC atual: 27958.00 | Horário da Captura: 2023-08-17 13:50:24 | Previsão: 28909.19
Valor do BTC atual: 27957.99 | Horário da Captura: 2023-08-17 13:50:24 | Previsão: 28909.19
Valor do BTC atual: 27957.99 | Horário da Captura: 2023-08-17 13:50:25 | Previsão: 28909.19
Valor do BTC atual: 27957.99 | Horário da Captura: 2023-08-17 13:50:25 | Previsão: 28909.19
Valor do BTC atual: 27958.00 | Horário da Captura: 2023-08-17 13:50:25 | Previsão: 28909.19
Valor do BTC atual: 27958.00 | Horário da Captura: 2023-08-17 13:50:26 | Previsão: 28909.19
Valor do BTC atual: 27958.00 | Horário da Captura: 2023-08-17 13:50:26 | Previsão: 28909.19
Valor do BTC atual: 27957.99 | Horário da Captura: 2023-08-17 13:50:26 | Previsão: 28909.19
Valor do BTC atual: 27957.99 | Horário da Captura: 2023-08-17 13:50:27 | Previsão: 28909.19
Valor do BTC atual: 27958.00 | Horário da Captura: 2023-08-17 13:50:27 | Previsão: 28909.19
Valor do BTC atual: 27958.00 | Horário da Captura: 2023-08-17 13:50:28 | Previsão: 28909.19
Valor do BTC atual: 27957.98 | Horário da Captura: 2023-08-17 13:50:28 | Previsão: 28909.19
Valor do BTC atual: 27957.99 | Horário da Captura: 2023-08-17 13:50:28 | Previsão: 28909.19
Valor do BTC atual: 27957.99 | Horário da Captura: 2023-08-17 13:50:29 | Previsão: 28909.19
Valor do BTC atual: 27957.99 | Horário da Captura: 2023-08-17 13:50:29 | Previsão: 28909.19
Valor do BTC atual: 27957.98 | Horário da Captura: 2023-08-17 13:50:30 | Previsão: 28909.19
Valor do BTC atual: 27957.98 | Horário da Captura: 2023-08-17 13:50:30 | Previsão: 28909.19
Valor do BTC atual: 27957.98 | Horário da Captura: 2023-08-17 13:50:30 | Previsão: 28909.19
Valor do BTC atual: 27957.98 | Horário da Captura: 2023-08-17 13:50:31 | Previsão: 28909.19
Valor do BTC atual: 27957.98 | Horário da Captura: 2023-08-17 13:50:31 | Previsão: 28909.19
Valor do BTC atual: 27957.98 | Horário da Captura: 2023-08-17 13:50:31 | Previsão: 28909.19
Valor do BTC atual: 27957.98 | Horário da Captura: 2023-08-17 13:50:32 | Previsão: 28909.19
Valor do BTC atual: 27956.05 | Horário da Captura: 2023-08-17 13:50:32 | Previsão: 28909.19
Valor do BTC atual: 27956.04 | Horário da Captura: 2023-08-17 13:50:32 | Previsão: 28909.19
Valor do BTC atual: 27956.04 | Horário da Captura: 2023-08-17 13:50:33 | Previsão: 28909.19
Valor do BTC atual: 27956.05 | Horário da Captura: 2023-08-17 13:50:33 | Previsão: 28909.19
Valor do BTC atual: 27956.04 | Horário da Captura: 2023-08-17 13:50:33 | Previsão: 28909.19
Valor do BTC atual: 27956.04 | Horário da Captura: 2023-08-17 13:50:34 | Previsão: 28909.19
Valor do BTC atual: 27956.05 | Horário da Captura: 2023-08-17 13:50:34 | Previsão: 28909.19
Valor do BTC atual: 27956.05 | Horário da Captura: 2023-08-17 13:50:34 | Previsão: 28909.19
Valor do BTC atual: 27956.04 | Horário da Captura: 2023-08-17 13:50:35 | Previsão: 28909.19
Valor do BTC atual: 27954.02 | Horário da Captura: 2023-08-17 13:50:35 | Previsão: 28909.19
Valor do BTC atual: 27954.01 | Horário da Captura: 2023-08-17 13:50:35 | Previsão: 28909.19
Valor do BTC atual: 27952.00 | Horário da Captura: 2023-08-17 13:50:36 | Previsão: 28909.19
Valor do BTC atual: 27950.95 | Horário da Captura: 2023-08-17 13:50:36 | Previsão: 28909.19
Valor do BTC atual: 27950.94 | Horário da Captura: 2023-08-17 13:50:37 | Previsão: 28909.19
Valor do BTC atual: 27950.94 | Horário da Captura: 2023-08-17 13:50:37 | Previsão: 28909.19
Valor do BTC atual: 27950.94 | Horário da Captura: 2023-08-17 13:50:37 | Previsão: 28909.19
Valor do BTC atual: 27950.94 | Horário da Captura: 2023-08-17 13:50:38 | Previsão: 28909.19
Valor do BTC atual: 27950.95 | Horário da Captura: 2023-08-17 13:50:38 | Previsão: 28909.19
Valor do BTC atual: 27950.95 | Horário da Captura: 2023-08-17 13:50:38 | Previsão: 28909.19
Valor do BTC atual: 27948.00 | Horário da Captura: 2023-08-17 13:50:39 | Previsão: 28909.19
Valor do BTC atual: 27946.00 | Horário da Captura: 2023-08-17 13:50:39 | Previsão: 28909.19
Valor do BTC atual: 27946.00 | Horário da Captura: 2023-08-17 13:50:40 | Previsão: 28909.19
Valor do BTC atual: 27946.00 | Horário da Captura: 2023-08-17 13:50:40 | Previsão: 28909.19
Valor do BTC atual: 27946.00 | Horário da Captura: 2023-08-17 13:50:41 | Previsão: 28909.19
Valor do BTC atual: 27946.00 | Horário da Captura: 2023-08-17 13:50:41 | Previsão: 28909.19
Valor do BTC atual: 27946.01 | Horário da Captura: 2023-08-17 13:50:41 | Previsão: 28909.19
Valor do BTC atual: 27946.01 | Horário da Captura: 2023-08-17 13:50:42 | Previsão: 28909.19
Valor do BTC atual: 27946.01 | Horário da Captura: 2023-08-17 13:50:42 | Previsão: 28909.19
Valor do BTC atual: 27946.01 | Horário da Captura: 2023-08-17 13:50:42 | Previsão: 28909.19
Valor do BTC atual: 27946.01 | Horário da Captura: 2023-08-17 13:50:43 | Previsão: 28909.19
Valor do BTC atual: 27946.01 | Horário da Captura: 2023-08-17 13:50:43 | Previsão: 28909.19
Valor do BTC atual: 27946.01 | Horário da Captura: 2023-08-17 13:50:44 | Previsão: 28909.19
Valor do BTC atual: 27946.00 | Horário da Captura: 2023-08-17 13:50:44 | Previsão: 28909.19
Valor do BTC atual: 27944.72 | Horário da Captura: 2023-08-17 13:58:16 | Previsão: 28909.19
Valor do BTC atual: 27944.72 | Horário da Captura: 2023-08-17 13:58:17 | Previsão: 28909.19
Valor do BTC atual: 27947.53 | Horário da Captura: 2023-08-17 13:58:17 | Previsão: 28909.19
Valor do BTC atual: 27948.00 | Horário da Captura: 2023-08-17 13:58:18 | Previsão: 28909.19
Valor do BTC atual: 27948.00 | Horário da Captura: 2023-08-17 13:58:19 | Previsão: 28909.19
Valor do BTC atual: 27948.00 | Horário da Captura: 2023-08-17 13:58:20 | Previsão: 28909.19
Valor do BTC atual: 27947.99 | Horário da Captura: 2023-08-17 13:58:20 | Previsão: 28909.19
Valor do BTC atual: 27949.97 | Horário da Captura: 2023-08-17 13:58:21 | Previsão: 28909.19
Valor do BTC atual: 27952.63 | Horário da Captura: 2023-08-17 13:58:22 | Previsão: 28909.19
Valor do BTC atual: 27956.67 | Horário da Captura: 2023-08-17 13:58:22 | Previsão: 28909.19
Valor do BTC atual: 27958.65 | Horário da Captura: 2023-08-17 13:58:23 | Previsão: 28909.19
Valor do BTC atual: 27958.64 | Horário da Captura: 2023-08-17 13:58:24 | Previsão: 28909.19
Valor do BTC atual: 27958.64 | Horário da Captura: 2023-08-17 13:58:25 | Previsão: 28909.19
Valor do BTC atual: 27958.65 | Horário da Captura: 2023-08-17 13:58:25 | Previsão: 28909.19
Valor do BTC atual: 27959.26 | Horário da Captura: 2023-08-17 13:58:25 | Previsão: 28909.19
Valor do BTC atual: 27959.44 | Horário da Captura: 2023-08-17 13:58:26 | Previsão: 28909.19
Valor do BTC atual: 27959.44 | Horário da Captura: 2023-08-17 13:58:26 | Previsão: 28909.19
Valor do BTC atual: 27959.45 | Horário da Captura: 2023-08-17 13:58:26 | Previsão: 28909.19
Valor do BTC atual: 27959.45 | Horário da Captura: 2023-08-17 13:58:27 | Previsão: 28909.19
Valor do BTC atual: 27959.45 | Horário da Captura: 2023-08-17 13:58:27 | Previsão: 28909.19
Valor do BTC atual: 27959.73 | Horário da Captura: 2023-08-17 13:58:28 | Previsão: 28909.19
Valor do BTC atual: 27959.72 | Horário da Captura: 2023-08-17 13:58:28 | Previsão: 28909.19
Valor do BTC atual: 27959.87 | Horário da Captura: 2023-08-17 13:58:29 | Previsão: 28909.19
Valor do BTC atual: 27962.82 | Horário da Captura: 2023-08-17 13:58:29 | Previsão: 28909.19
Valor do BTC atual: 27962.82 | Horário da Captura: 2023-08-17 13:58:30 | Previsão: 28909.19
Valor do BTC atual: 27962.83 | Horário da Captura: 2023-08-17 13:58:30 | Previsão: 28909.19
Valor do BTC atual: 27993.99 | Horário da Captura: 2023-08-17 14:05:50 | Previsão: 28909.19
Valor do BTC atual: 27993.99 | Horário da Captura: 2023-08-17 14:05:51 | Previsão: 28909.19
Valor do BTC atual: 27993.98 | Horário da Captura: 2023-08-17 14:05:51 | Previsão: 28909.19
Valor do BTC atual: 27995.96 | Horário da Captura: 2023-08-17 14:05:51 | Previsão: 28909.19
Valor do BTC atual: 27998.70 | Horário da Captura: 2023-08-17 14:05:52 | Previsão: 28909.19
Valor do BTC atual: 27998.70 | Horário da Captura: 2023-08-17 14:05:53 | Previsão: 28909.19
Valor do BTC atual: 27998.70 | Horário da Captura: 2023-08-17 14:05:53 | Previsão: 28909.19
Valor do BTC atual: 27998.70 | Horário da Captura: 2023-08-17 14:05:54 | Previsão: 28909.19
Valor do BTC atual: 27998.69 | Horário da Captura: 2023-08-17 14:05:55 | Previsão: 28909.19
Valor do BTC atual: 27998.69 | Horário da Captura: 2023-08-17 14:05:56 | Previsão: 28909.19
Valor do BTC atual: 27998.69 | Horário da Captura: 2023-08-17 14:05:57 | Previsão: 28909.19
Valor do BTC atual: 27998.69 | Horário da Captura: 2023-08-17 14:05:58 | Previsão: 28909.19
Valor do BTC atual: 27998.70 | Horário da Captura: 2023-08-17 14:05:58 | Previsão: 28909.19
Valor do BTC atual: 27998.70 | Horário da Captura: 2023-08-17 14:05:58 | Previsão: 28909.19
Valor do BTC atual: 27998.70 | Horário da Captura: 2023-08-17 14:05:59 | Previsão: 28909.19
Valor do BTC atual: 27998.70 | Horário da Captura: 2023-08-17 14:05:59 | Previsão: 28909.19
Valor do BTC atual: 27998.69 | Horário da Captura: 2023-08-17 14:05:59 | Previsão: 28909.19
Valor do BTC atual: 27999.00 | Horário da Captura: 2023-08-17 14:06:00 | Previsão: 28909.19
Valor do BTC atual: 27999.00 | Horário da Captura: 2023-08-17 14:06:00 | Previsão: 28909.19
Valor do BTC atual: 28001.10 | Horário da Captura: 2023-08-17 14:06:01 | Previsão: 28909.19
Valor do BTC atual: 28002.20 | Horário da Captura: 2023-08-17 14:06:01 | Previsão: 28909.19
Valor do BTC atual: 28004.17 | Horário da Captura: 2023-08-17 14:06:02 | Previsão: 28909.19
Valor do BTC atual: 28004.18 | Horário da Captura: 2023-08-17 14:06:02 | Previsão: 28909.19
Valor do BTC atual: 28004.18 | Horário da Captura: 2023-08-17 14:06:02 | Previsão: 28909.19
Valor do BTC atual: 28004.17 | Horário da Captura: 2023-08-17 14:06:03 | Previsão: 28909.19
Valor do BTC atual: 28004.18 | Horário da Captura: 2023-08-17 14:06:03 | Previsão: 28909.19
Valor do BTC atual: 28004.17 | Horário da Captura: 2023-08-17 14:06:03 | Previsão: 28909.19
Valor do BTC atual: 28004.18 | Horário da Captura: 2023-08-17 14:06:04 | Previsão: 28909.19
Valor do BTC atual: 28004.18 | Horário da Captura: 2023-08-17 14:06:04 | Previsão: 28909.19
Valor do BTC atual: 28004.17 | Horário da Captura: 2023-08-17 14:06:05 | Previsão: 28909.19
Valor do BTC atual: 28000.43 | Horário da Captura: 2023-08-17 14:06:05 | Previsão: 28909.19
Valor do BTC atual: 27998.81 | Horário da Captura: 2023-08-17 14:06:06 | Previsão: 28909.19
Valor do BTC atual: 27996.01 | Horário da Captura: 2023-08-17 14:06:06 | Previsão: 28909.19
Valor do BTC atual: 27996.00 | Horário da Captura: 2023-08-17 14:06:06 | Previsão: 28909.19
Valor do BTC atual: 27996.00 | Horário da Captura: 2023-08-17 14:06:07 | Previsão: 28909.19
Valor do BTC atual: 28001.57 | Horário da Captura: 2023-08-17 14:06:07 | Previsão: 28909.19
Valor do BTC atual: 27999.99 | Horário da Captura: 2023-08-17 14:06:07 | Previsão: 28909.19
Valor do BTC atual: 27999.99 | Horário da Captura: 2023-08-17 14:06:08 | Previsão: 28909.19
Valor do BTC atual: 27999.99 | Horário da Captura: 2023-08-17 14:06:08 | Previsão: 28909.19
Valor do BTC atual: 28003.38 | Horário da Captura: 2023-08-17 14:06:09 | Previsão: 28909.19
Valor do BTC atual: 28005.00 | Horário da Captura: 2023-08-17 14:06:09 | Previsão: 28909.19
Valor do BTC atual: 28006.66 | Horário da Captura: 2023-08-17 14:06:09 | Previsão: 28909.19
Valor do BTC atual: 28006.65 | Horário da Captura: 2023-08-17 14:06:10 | Previsão: 28909.19
Valor do BTC atual: 28007.99 | Horário da Captura: 2023-08-17 14:06:10 | Previsão: 28909.19
Valor do BTC atual: 28007.99 | Horário da Captura: 2023-08-17 14:06:11 | Previsão: 28909.19
Valor do BTC atual: 28007.99 | Horário da Captura: 2023-08-17 14:06:11 | Previsão: 28909.19
Valor do BTC atual: 28007.99 | Horário da Captura: 2023-08-17 14:06:11 | Previsão: 28909.19
Valor do BTC atual: 28035.61 | Horário da Captura: 2023-08-17 14:10:00 | Previsão: 28909.19
Valor do BTC atual: 28034.03 | Horário da Captura: 2023-08-17 14:10:00 | Previsão: 28909.19
Valor do BTC atual: 28034.01 | Horário da Captura: 2023-08-17 14:10:01 | Previsão: 28909.19
Valor do BTC atual: 28032.22 | Horário da Captura: 2023-08-17 14:10:01 | Previsão: 28909.19
Valor do BTC atual: 28032.01 | Horário da Captura: 2023-08-17 14:10:01 | Previsão: 28909.19
Valor do BTC atual: 28032.01 | Horário da Captura: 2023-08-17 14:10:02 | Previsão: 28909.19
Valor do BTC atual: 28032.00 | Horário da Captura: 2023-08-17 14:10:02 | Previsão: 28909.19
Valor do BTC atual: 28032.00 | Horário da Captura: 2023-08-17 14:10:03 | Previsão: 28909.19
Valor do BTC atual: 28032.00 | Horário da Captura: 2023-08-17 14:10:03 | Previsão: 28909.19
Valor do BTC atual: 28015.54 | Horário da Captura: 2023-08-17 14:24:07 | Previsão: 28909.19
Valor do BTC atual: 26450.00 | Horário da Captura: 2023-08-17 19:54:44 | Previsão: 28909.19
Valor do BTC atual: 26798.00 | Horário da Captura: 2023-08-17 20:02:06 | Previsão: 24036.05
Valor do BTC atual: 26834.91 | Horário da Captura: 2023-08-17 20:05:58 | Previsão: 24036.05
Valor do BTC atual: 26498.62 | Horário da Captura: 2023-08-17 20:36:05 | Previsão: 24036.05
Valor do BTC atual: 26691.46 | Horário da Captura: 2023-08-17 21:06:19 | Previsão: 24036.05
Valor do BTC atual: 26709.99 | Horário da Captura: 2023-08-17 21:36:24 | Previsão: 24036.05
Valor do BTC atual: 26721.80 | Horário da Captura: 2023-08-17 21:40:49 | Previsão: 24036.05
